200;200;191;50;144;122
0;33
0;34
0;35
0;36
0;37
0;38
0;39
0;40
0;41
0;42
0;43
0;44
0;45
0;46
0;47
1;32
1;33
1;34
1;35
1;36
1;37
1;38
1;39
1;40
1;41
1;42
1;43
1;44
1;45
1;46
1;47
2;31
2;32
2;33
2;34
2;35
2;36
2;37
2;38
2;39
2;40
2;41
2;42
2;43
2;44
2;45
2;46
2;47
3;29
3;30
3;31
3;32
3;33
3;34
3;35
3;36
3;37
3;38
3;39
3;40
3;41
3;42
3;43
3;44
3;45
3;46
3;47
4;28
4;29
4;30
4;31
4;32
4;33
4;34
4;35
4;36
4;37
4;38
4;39
4;40
4;41
4;42
4;43
4;44
4;45
4;46
4;47
5;27
5;28
5;29
5;30
5;31
5;32
5;33
5;34
5;35
5;36
5;37
5;38
5;39
5;40
5;41
5;42
5;43
5;44
5;45
5;46
5;47
6;26
6;27
6;28
6;29
6;30
6;31
6;32
6;33
6;34
6;35
6;36
6;37
6;38
6;39
6;40
6;41
6;42
6;43
6;44
6;45
6;46
6;47
6;48
7;24
7;25
7;26
7;27
7;28
7;29
7;30
7;31
7;32
7;33
7;34
7;35
7;36
7;37
7;38
7;39
7;40
7;41
7;42
7;43
7;44
7;45
7;46
7;47
7;48
8;23
8;24
8;25
8;26
8;27
8;28
8;29
8;30
8;31
8;32
8;33
8;34
8;35
8;36
8;37
8;38
8;39
8;40
8;41
8;42
8;43
8;44
8;45
8;46
8;47
8;48
9;22
9;23
9;24
9;25
9;26
9;27
9;28
9;29
9;30
9;31
9;32
9;33
9;34
9;35
9;36
9;37
9;38
9;39
9;40
9;41
9;42
9;43
9;44
9;45
9;46
9;47
9;48
10;21
10;22
10;23
10;24
10;25
10;26
10;27
10;28
10;29
10;30
10;31
10;32
10;33
10;34
10;35
10;36
10;37
10;38
10;39
10;40
10;41
10;42
10;43
10;44
10;45
10;46
10;47
10;48
11;19
11;20
11;21
11;22
11;23
11;24
11;25
11;26
11;27
11;28
11;29
11;30
11;31
11;32
11;33
11;34
11;35
11;36
11;37
11;38
11;39
11;40
11;41
11;42
11;43
11;44
11;45
11;46
11;47
11;48
12;18
12;19
12;20
12;21
12;22
12;23
12;24
12;25
12;26
12;27
12;28
12;29
12;30
12;31
12;32
12;33
12;34
12;35
12;36
12;37
12;38
12;39
12;40
12;41
12;42
12;43
12;44
12;45
12;46
12;47
12;48
12;49
12;69
12;70
13;17
13;18
13;19
13;20
13;21
13;22
13;23
13;24
13;25
13;26
13;27
13;28
13;29
13;30
13;31
13;32
13;33
13;34
13;35
13;36
13;37
13;38
13;39
13;40
13;41
13;42
13;43
13;44
13;45
13;46
13;47
13;48
13;49
13;69
13;70
13;71
13;72
13;73
14;16
14;17
14;18
14;19
14;20
14;21
14;22
14;23
14;24
14;25
14;26
14;27
14;28
14;29
14;30
14;31
14;32
14;33
14;34
14;35
14;36
14;37
14;38
14;39
14;40
14;41
14;42
14;43
14;44
14;45
14;46
14;47
14;48
14;49
14;68
14;69
14;70
14;71
14;72
14;73
14;74
14;75
15;18
15;19
15;20
15;21
15;22
15;23
15;24
15;25
15;26
15;27
15;28
15;29
15;30
15;31
15;32
15;33
15;34
15;35
15;36
15;37
15;38
15;39
15;40
15;41
15;42
15;43
15;44
15;45
15;46
15;47
15;48
15;49
15;68
15;69
15;70
15;71
15;72
15;73
15;74
15;75
15;76
15;77
15;78
16;20
16;21
16;22
16;23
16;24
16;25
16;26
16;27
16;28
16;29
16;30
16;31
16;32
16;33
16;34
16;35
16;36
16;37
16;38
16;39
16;40
16;41
16;42
16;43
16;44
16;45
16;46
16;47
16;48
16;49
16;68
16;69
16;70
16;71
16;72
16;73
16;74
16;75
16;76
16;77
16;78
16;79
16;80
16;81
16;178
16;179
16;180
16;181
16;182
16;183
16;184
16;187
16;188
16;189
16;190
16;191
16;192
16;193
16;194
16;195
17;23
17;24
17;25
17;26
17;27
17;28
17;29
17;30
17;31
17;32
17;33
17;34
17;35
17;36
17;37
17;38
17;39
17;40
17;41
17;42
17;43
17;44
17;45
17;46
17;47
17;48
17;49
17;67
17;68
17;69
17;70
17;71
17;72
17;73
17;74
17;75
17;76
17;77
17;78
17;79
17;80
17;81
17;82
17;83
17;84
17;170
17;171
17;172
17;173
17;174
17;175
17;176
17;177
17;178
17;179
17;180
17;181
17;182
17;183
17;185
17;186
17;187
17;188
17;189
17;190
17;191
17;192
17;193
17;194
17;195
17;196
17;197
17;198
18;25
18;26
18;27
18;28
18;29
18;30
18;31
18;32
18;33
18;34
18;35
18;36
18;37
18;38
18;39
18;40
18;41
18;42
18;43
18;44
18;45
18;46
18;47
18;48
18;49
18;50
18;67
18;68
18;69
18;70
18;71
18;72
18;73
18;74
18;75
18;76
18;77
18;78
18;79
18;80
18;81
18;82
18;83
18;84
18;85
18;86
18;87
18;163
18;164
18;165
18;166
18;167
18;168
18;169
18;170
18;171
18;172
18;173
18;174
18;175
18;176
18;177
18;178
18;179
18;180
18;181
18;182
18;183
18;184
18;185
18;186
18;187
18;188
18;189
18;190
18;191
18;192
18;193
18;194
18;195
18;196
18;197
18;198
18;199
19;28
19;29
19;30
19;31
19;32
19;33
19;34
19;35
19;36
19;37
19;38
19;39
19;40
19;41
19;42
19;43
19;44
19;45
19;46
19;47
19;48
19;49
19;50
19;67
19;68
19;69
19;70
19;71
19;72
19;73
19;74
19;75
19;76
19;77
19;78
19;79
19;80
19;81
19;82
19;83
19;84
19;85
19;86
19;87
19;88
19;89
19;90
19;164
19;165
19;166
19;167
19;168
19;169
19;170
19;171
19;172
19;173
19;174
19;175
19;176
19;177
19;178
19;179
19;180
19;181
19;182
19;183
19;184
19;185
19;186
19;187
19;188
19;189
19;190
19;191
19;192
19;193
19;194
19;195
19;196
19;197
19;198
19;199
20;31
20;32
20;33
20;34
20;35
20;36
20;37
20;38
20;39
20;40
20;41
20;42
20;43
20;44
20;45
20;46
20;47
20;48
20;49
20;50
20;66
20;67
20;68
20;69
20;70
20;71
20;72
20;73
20;74
20;75
20;76
20;77
20;78
20;79
20;80
20;81
20;82
20;83
20;84
20;85
20;86
20;87
20;88
20;89
20;90
20;91
20;92
20;165
20;166
20;167
20;168
20;169
20;170
20;171
20;172
20;173
20;174
20;175
20;176
20;177
20;178
20;179
20;180
20;181
20;182
20;183
20;184
20;185
20;186
20;187
20;188
20;189
20;190
20;191
20;192
20;193
20;194
20;195
20;196
20;197
20;198
20;199
21;33
21;34
21;35
21;36
21;37
21;38
21;39
21;40
21;41
21;42
21;43
21;44
21;45
21;46
21;47
21;48
21;49
21;50
21;66
21;67
21;68
21;69
21;70
21;71
21;72
21;73
21;74
21;75
21;76
21;77
21;78
21;79
21;80
21;81
21;82
21;83
21;84
21;85
21;86
21;87
21;88
21;89
21;90
21;91
21;92
21;166
21;167
21;168
21;169
21;170
21;171
21;172
21;173
21;174
21;175
21;176
21;177
21;178
21;179
21;180
21;181
21;182
21;183
21;184
21;185
21;186
21;187
21;188
21;189
21;190
21;191
21;192
21;193
21;194
21;195
21;196
21;197
21;198
21;199
22;36
22;37
22;38
22;39
22;40
22;41
22;42
22;43
22;44
22;45
22;46
22;47
22;48
22;49
22;50
22;66
22;67
22;68
22;69
22;70
22;71
22;72
22;73
22;74
22;75
22;76
22;77
22;78
22;79
22;80
22;81
22;82
22;83
22;84
22;85
22;86
22;87
22;88
22;89
22;90
22;91
22;92
22;166
22;167
22;168
22;169
22;170
22;171
22;172
22;173
22;174
22;175
22;176
22;177
22;178
22;179
22;180
22;181
22;182
22;183
22;184
22;185
22;186
22;187
22;188
22;189
22;190
22;191
22;192
22;193
22;194
22;195
22;196
22;197
22;198
22;199
23;38
23;39
23;40
23;41
23;42
23;43
23;44
23;45
23;46
23;47
23;48
23;49
23;50
23;65
23;66
23;67
23;68
23;69
23;70
23;71
23;72
23;73
23;74
23;75
23;76
23;77
23;78
23;79
23;80
23;81
23;82
23;83
23;84
23;85
23;86
23;87
23;88
23;89
23;90
23;91
23;92
23;167
23;168
23;169
23;170
23;171
23;172
23;173
23;174
23;175
23;176
23;177
23;178
23;179
23;180
23;181
23;182
23;183
23;184
23;185
23;186
23;187
23;188
23;189
23;190
23;191
23;192
23;193
23;194
23;195
23;196
23;197
23;198
23;199
24;41
24;42
24;43
24;44
24;45
24;46
24;47
24;48
24;49
24;50
24;65
24;66
24;67
24;68
24;69
24;70
24;71
24;72
24;73
24;74
24;75
24;76
24;77
24;78
24;79
24;80
24;81
24;82
24;83
24;84
24;85
24;86
24;87
24;88
24;89
24;90
24;91
24;168
24;169
24;170
24;171
24;172
24;173
24;174
24;175
24;176
24;177
24;178
24;179
24;180
24;181
24;182
24;183
24;184
24;185
24;186
24;187
24;188
24;189
24;190
24;191
24;192
24;193
24;194
24;195
24;196
24;197
24;198
24;199
25;44
25;45
25;46
25;47
25;48
25;49
25;50
25;51
25;64
25;65
25;66
25;67
25;68
25;69
25;70
25;71
25;72
25;73
25;74
25;75
25;76
25;77
25;78
25;79
25;80
25;81
25;82
25;83
25;84
25;85
25;86
25;87
25;88
25;89
25;90
25;91
25;169
25;170
25;171
25;172
25;173
25;174
25;175
25;176
25;177
25;178
25;179
25;180
25;181
25;182
25;183
25;184
25;185
25;186
25;187
25;188
25;189
25;190
25;191
25;192
25;193
25;194
25;195
25;196
25;197
25;198
25;199
26;46
26;47
26;48
26;49
26;50
26;51
26;64
26;65
26;66
26;67
26;68
26;69
26;70
26;71
26;72
26;73
26;74
26;75
26;76
26;77
26;78
26;79
26;80
26;81
26;82
26;83
26;84
26;85
26;86
26;87
26;88
26;89
26;90
26;169
26;170
26;171
26;172
26;173
26;174
26;175
26;176
26;177
26;178
26;179
26;180
26;181
26;182
26;183
26;184
26;185
26;186
26;187
26;188
26;189
26;190
26;191
26;192
26;193
26;194
26;195
26;196
26;197
26;198
26;199
27;49
27;50
27;51
27;64
27;65
27;66
27;67
27;68
27;69
27;70
27;71
27;72
27;73
27;74
27;75
27;76
27;77
27;78
27;79
27;80
27;81
27;82
27;83
27;84
27;85
27;86
27;87
27;88
27;89
27;90
27;170
27;171
27;172
27;173
27;174
27;175
27;176
27;177
27;178
27;179
27;180
27;181
27;182
27;183
27;184
27;185
27;186
27;187
27;188
27;189
27;190
27;191
27;192
27;193
27;194
27;195
27;196
27;197
27;198
27;199
28;51
28;63
28;64
28;65
28;66
28;67
28;68
28;69
28;70
28;71
28;72
28;73
28;74
28;75
28;76
28;77
28;78
28;79
28;80
28;81
28;82
28;83
28;84
28;85
28;86
28;87
28;88
28;89
28;90
28;171
28;172
28;173
28;174
28;175
28;176
28;177
28;178
28;179
28;180
28;181
28;182
28;183
28;184
28;185
28;186
28;187
28;188
28;189
28;190
28;191
28;192
28;193
28;194
28;195
28;196
28;197
28;198
28;199
29;63
29;64
29;65
29;66
29;67
29;68
29;69
29;70
29;71
29;72
29;73
29;74
29;75
29;76
29;77
29;78
29;79
29;80
29;81
29;82
29;83
29;84
29;85
29;86
29;87
29;88
29;89
29;172
29;173
29;174
29;175
29;176
29;177
29;178
29;179
29;180
29;181
29;182
29;183
29;184
29;185
29;186
29;187
29;188
29;189
29;190
29;191
29;192
29;193
29;194
29;195
29;196
29;197
29;198
29;199
30;63
30;64
30;65
30;66
30;67
30;68
30;69
30;70
30;71
30;72
30;73
30;74
30;75
30;76
30;77
30;78
30;79
30;80
30;81
30;82
30;83
30;84
30;85
30;86
30;87
30;88
30;89
30;172
30;173
30;174
30;175
30;176
30;177
30;178
30;179
30;180
30;181
30;182
30;183
30;184
30;185
30;186
30;187
30;188
30;189
30;190
30;191
30;192
30;193
30;194
30;195
30;196
30;197
30;198
30;199
31;62
31;63
31;64
31;65
31;66
31;67
31;68
31;69
31;70
31;71
31;72
31;73
31;74
31;75
31;76
31;77
31;78
31;79
31;80
31;81
31;82
31;83
31;84
31;85
31;86
31;87
31;88
31;89
31;173
31;174
31;175
31;176
31;177
31;178
31;179
31;180
31;181
31;182
31;183
31;184
31;185
31;186
31;187
31;188
31;189
31;190
31;191
31;192
31;193
31;194
31;195
31;196
31;197
31;198
31;199
32;62
32;63
32;64
32;65
32;66
32;67
32;68
32;69
32;70
32;71
32;72
32;73
32;74
32;75
32;76
32;77
32;78
32;79
32;80
32;81
32;82
32;83
32;84
32;85
32;86
32;87
32;88
32;174
32;175
32;176
32;177
32;178
32;179
32;180
32;181
32;182
32;183
32;184
32;185
32;186
32;187
32;188
32;189
32;190
32;191
32;192
32;193
32;194
32;195
32;196
32;197
32;198
32;199
33;62
33;63
33;64
33;65
33;66
33;67
33;68
33;69
33;70
33;71
33;72
33;73
33;74
33;75
33;76
33;77
33;78
33;79
33;80
33;81
33;82
33;83
33;84
33;85
33;86
33;87
33;88
33;174
33;175
33;176
33;177
33;178
33;179
33;180
33;181
33;182
33;183
33;184
33;185
33;186
33;187
33;188
33;189
33;190
33;191
33;192
33;193
33;194
33;195
33;196
33;197
33;198
33;199
34;61
34;62
34;63
34;64
34;65
34;66
34;67
34;68
34;69
34;70
34;71
34;72
34;73
34;74
34;75
34;76
34;77
34;78
34;79
34;80
34;81
34;82
34;83
34;84
34;85
34;86
34;87
34;88
34;161
34;162
34;163
34;164
34;165
34;166
34;174
34;175
34;176
34;177
34;178
34;179
34;180
34;181
34;182
34;183
34;184
34;185
34;186
34;187
34;188
34;189
34;190
34;191
34;192
34;193
34;194
34;195
34;196
34;197
34;198
34;199
35;61
35;62
35;63
35;64
35;65
35;66
35;67
35;68
35;69
35;70
35;71
35;72
35;73
35;74
35;75
35;76
35;77
35;78
35;79
35;80
35;81
35;82
35;83
35;84
35;85
35;86
35;87
35;161
35;162
35;163
35;164
35;165
35;166
35;167
35;168
35;169
35;170
35;171
35;172
35;173
35;174
35;175
35;176
35;177
35;178
35;179
35;180
35;181
35;182
35;183
35;184
35;185
35;186
35;187
35;188
35;189
35;190
35;191
35;192
35;193
35;194
35;195
35;196
35;197
35;198
35;199
36;61
36;62
36;63
36;64
36;65
36;66
36;67
36;68
36;69
36;70
36;71
36;72
36;73
36;74
36;75
36;76
36;77
36;78
36;79
36;80
36;81
36;82
36;83
36;84
36;85
36;86
36;87
36;162
36;163
36;164
36;165
36;166
36;167
36;168
36;169
36;170
36;171
36;172
36;173
36;174
36;175
36;176
36;177
36;178
36;179
36;180
36;181
36;182
36;183
36;184
36;185
36;186
36;187
36;188
36;189
36;190
36;191
36;192
36;193
36;194
36;195
36;196
36;197
36;198
36;199
37;64
37;65
37;66
37;67
37;68
37;69
37;70
37;71
37;72
37;73
37;74
37;75
37;76
37;77
37;78
37;79
37;80
37;81
37;82
37;83
37;84
37;85
37;86
37;87
37;162
37;163
37;164
37;165
37;166
37;167
37;168
37;169
37;170
37;171
37;172
37;173
37;174
37;175
37;176
37;177
37;178
37;179
37;180
37;181
37;182
37;183
37;184
37;185
37;186
37;187
37;188
37;189
37;190
37;191
37;192
37;193
37;194
37;195
37;196
37;197
37;198
37;199
38;67
38;68
38;69
38;70
38;71
38;72
38;73
38;74
38;75
38;76
38;77
38;78
38;79
38;80
38;81
38;82
38;83
38;84
38;85
38;86
38;163
38;164
38;165
38;166
38;167
38;168
38;169
38;170
38;171
38;172
38;173
38;174
38;175
38;176
38;177
38;178
38;179
38;180
38;181
38;182
38;183
38;184
38;185
38;186
38;187
38;188
38;189
38;190
38;191
38;192
38;193
38;194
38;195
38;196
38;197
38;198
38;199
39;69
39;70
39;71
39;72
39;73
39;74
39;75
39;76
39;77
39;78
39;79
39;80
39;81
39;82
39;83
39;84
39;85
39;86
39;163
39;164
39;165
39;166
39;167
39;168
39;169
39;170
39;171
39;172
39;173
39;174
39;175
39;176
39;177
39;178
39;179
39;180
39;181
39;182
39;183
39;184
39;185
39;186
39;187
39;188
39;189
39;190
39;191
39;192
39;193
39;194
39;195
39;196
39;197
39;198
39;199
40;67
40;68
40;69
40;70
40;71
40;72
40;73
40;74
40;75
40;76
40;77
40;78
40;79
40;80
40;81
40;82
40;83
40;84
40;85
40;86
40;164
40;165
40;166
40;167
40;168
40;169
40;170
40;171
40;172
40;173
40;174
40;175
40;176
40;177
40;178
40;179
40;180
40;181
40;182
40;183
40;184
40;185
40;186
40;187
40;188
40;189
40;190
40;191
40;192
40;193
40;194
40;195
40;196
40;197
40;198
40;199
41;66
41;67
41;68
41;69
41;70
41;71
41;72
41;73
41;74
41;75
41;76
41;77
41;78
41;79
41;80
41;81
41;82
41;83
41;84
41;85
41;164
41;165
41;166
41;167
41;168
41;169
41;170
41;171
41;172
41;173
41;174
41;175
41;176
41;177
41;178
41;179
41;180
41;181
41;182
41;183
41;184
41;185
41;186
41;187
41;188
41;189
41;190
41;191
41;192
41;193
41;194
41;195
41;196
41;197
41;198
41;199
42;65
42;66
42;67
42;68
42;69
42;70
42;71
42;72
42;73
42;74
42;75
42;76
42;77
42;78
42;79
42;80
42;81
42;82
42;83
42;84
42;85
42;165
42;166
42;167
42;168
42;169
42;170
42;171
42;172
42;173
42;174
42;175
42;176
42;177
42;178
42;179
42;180
42;181
42;182
42;183
42;184
42;185
42;186
42;187
42;188
42;189
42;190
42;191
42;192
42;193
42;194
42;195
42;196
42;197
42;198
42;199
43;64
43;65
43;66
43;67
43;68
43;69
43;70
43;71
43;72
43;73
43;74
43;75
43;76
43;77
43;78
43;79
43;80
43;81
43;82
43;83
43;84
43;165
43;166
43;167
43;168
43;169
43;170
43;171
43;172
43;173
43;174
43;175
43;176
43;177
43;178
43;179
43;180
43;181
43;182
43;183
43;184
43;185
43;186
43;187
43;188
43;189
43;190
43;191
43;192
43;193
43;194
43;195
43;196
43;197
43;198
43;199
44;23
44;24
44;63
44;64
44;65
44;66
44;67
44;68
44;69
44;70
44;71
44;72
44;73
44;74
44;75
44;76
44;77
44;78
44;79
44;80
44;81
44;82
44;83
44;84
44;166
44;167
44;168
44;169
44;170
44;171
44;172
44;173
44;174
44;175
44;176
44;177
44;178
44;179
44;180
44;181
44;182
44;183
44;184
44;185
44;186
44;187
44;188
44;189
44;190
44;191
44;192
44;193
44;194
44;195
44;196
44;197
44;198
44;199
45;19
45;20
45;21
45;22
45;23
45;24
45;25
45;26
45;27
45;28
45;63
45;64
45;65
45;66
45;67
45;68
45;69
45;70
45;71
45;72
45;73
45;74
45;75
45;76
45;77
45;78
45;79
45;80
45;81
45;82
45;83
45;166
45;167
45;168
45;169
45;170
45;171
45;172
45;173
45;174
45;175
45;176
45;177
45;178
45;179
45;180
45;181
45;182
45;183
45;184
45;185
45;186
45;187
45;188
45;189
45;190
45;191
45;192
45;193
45;194
45;195
45;196
45;197
45;198
45;199
46;16
46;17
46;18
46;19
46;20
46;21
46;22
46;23
46;24
46;25
46;26
46;27
46;28
46;29
46;30
46;62
46;63
46;64
46;65
46;66
46;67
46;68
46;69
46;70
46;71
46;72
46;73
46;74
46;75
46;76
46;77
46;78
46;79
46;80
46;81
46;82
46;83
46;84
46;167
46;168
46;169
46;170
46;171
46;172
46;173
46;174
46;175
46;176
46;177
46;178
46;179
46;180
46;181
46;182
46;183
46;184
46;185
46;186
46;187
46;188
46;189
46;190
46;191
46;192
46;193
46;194
46;195
46;196
46;197
46;198
46;199
47;15
47;16
47;17
47;18
47;19
47;20
47;21
47;22
47;23
47;24
47;25
47;26
47;27
47;28
47;29
47;30
47;31
47;32
47;62
47;63
47;64
47;65
47;66
47;67
47;68
47;69
47;70
47;71
47;72
47;73
47;74
47;75
47;76
47;77
47;78
47;79
47;80
47;81
47;82
47;83
47;84
47;167
47;168
47;169
47;170
47;171
47;172
47;173
47;174
47;175
47;176
47;177
47;178
47;179
47;180
47;181
47;182
47;183
47;184
47;185
47;186
47;187
47;188
47;189
47;190
47;191
47;192
47;193
47;194
47;195
47;196
47;197
47;198
47;199
48;14
48;15
48;16
48;17
48;18
48;19
48;20
48;21
48;22
48;23
48;24
48;25
48;26
48;27
48;28
48;29
48;30
48;31
48;32
48;33
48;62
48;63
48;64
48;65
48;66
48;67
48;68
48;69
48;70
48;71
48;72
48;73
48;74
48;75
48;76
48;77
48;78
48;79
48;80
48;81
48;82
48;83
48;84
48;168
48;169
48;170
48;171
48;172
48;173
48;174
48;175
48;176
48;177
48;178
48;179
48;180
48;181
48;182
48;183
48;184
48;185
48;186
48;187
48;188
48;189
48;190
48;191
48;192
48;193
48;194
48;195
48;196
48;197
48;198
48;199
49;13
49;14
49;15
49;16
49;17
49;18
49;19
49;20
49;21
49;22
49;23
49;24
49;25
49;26
49;27
49;28
49;29
49;30
49;31
49;32
49;33
49;34
49;61
49;62
49;63
49;64
49;65
49;66
49;67
49;68
49;69
49;70
49;71
49;72
49;73
49;74
49;75
49;76
49;77
49;78
49;79
49;80
49;81
49;82
49;83
49;84
49;85
49;168
49;169
49;170
49;171
49;172
49;173
49;174
49;175
49;176
49;177
49;178
49;179
49;180
49;181
49;184
49;185
49;186
49;187
49;188
49;189
49;190
49;191
49;192
49;193
49;194
49;195
49;196
49;197
49;198
50;12
50;13
50;14
50;15
50;16
50;17
50;18
50;19
50;20
50;21
50;22
50;23
50;24
50;25
50;26
50;27
50;28
50;29
50;30
50;31
50;32
50;33
50;34
50;61
50;62
50;63
50;64
50;65
50;66
50;67
50;68
50;69
50;70
50;71
50;72
50;73
50;74
50;75
50;76
50;77
50;78
50;79
50;80
50;81
50;82
50;83
50;84
50;85
50;169
50;170
50;171
50;172
50;173
50;174
50;175
50;176
50;177
50;178
50;179
50;180
50;187
50;188
50;189
50;190
50;191
50;192
50;193
50;194
50;195
50;196
51;12
51;13
51;14
51;15
51;16
51;17
51;18
51;19
51;20
51;21
51;22
51;23
51;24
51;25
51;26
51;27
51;28
51;29
51;30
51;31
51;32
51;33
51;34
51;35
51;61
51;62
51;63
51;64
51;65
51;66
51;67
51;68
51;69
51;70
51;71
51;72
51;73
51;74
51;75
51;76
51;77
51;78
51;79
51;80
51;81
51;82
51;83
51;84
51;85
51;125
51;169
51;170
51;171
51;172
51;173
51;174
51;175
51;176
51;177
51;178
51;179
51;180
52;11
52;12
52;13
52;14
52;15
52;16
52;17
52;18
52;19
52;20
52;21
52;22
52;23
52;24
52;25
52;26
52;27
52;28
52;29
52;30
52;31
52;32
52;33
52;34
52;35
52;36
52;61
52;62
52;63
52;64
52;65
52;66
52;67
52;68
52;69
52;70
52;71
52;72
52;73
52;74
52;75
52;76
52;77
52;78
52;79
52;80
52;81
52;82
52;83
52;84
52;85
52;123
52;124
52;125
52;170
52;171
52;172
52;173
52;174
52;175
52;176
52;177
52;178
52;179
53;11
53;12
53;13
53;14
53;15
53;16
53;17
53;18
53;19
53;20
53;21
53;22
53;23
53;24
53;25
53;26
53;27
53;28
53;29
53;30
53;31
53;32
53;33
53;34
53;35
53;36
53;62
53;63
53;64
53;65
53;66
53;67
53;68
53;69
53;70
53;71
53;72
53;73
53;74
53;75
53;76
53;77
53;78
53;79
53;80
53;81
53;82
53;83
53;84
53;122
53;123
53;124
53;125
53;170
53;171
53;172
53;173
53;174
53;175
53;176
53;177
53;178
54;10
54;11
54;12
54;13
54;14
54;15
54;16
54;17
54;18
54;19
54;20
54;21
54;22
54;23
54;24
54;25
54;26
54;27
54;28
54;29
54;30
54;31
54;32
54;33
54;34
54;35
54;36
54;62
54;63
54;64
54;65
54;66
54;67
54;68
54;69
54;70
54;71
54;72
54;73
54;74
54;75
54;76
54;77
54;78
54;79
54;80
54;81
54;82
54;83
54;84
54;120
54;121
54;122
54;123
54;124
54;125
54;171
54;172
54;173
54;174
54;175
54;176
54;177
54;178
55;10
55;11
55;12
55;13
55;14
55;15
55;16
55;17
55;18
55;19
55;20
55;21
55;22
55;23
55;24
55;25
55;26
55;27
55;28
55;29
55;30
55;31
55;32
55;33
55;34
55;35
55;36
55;37
55;62
55;63
55;64
55;65
55;66
55;67
55;68
55;69
55;70
55;71
55;72
55;73
55;74
55;75
55;76
55;77
55;78
55;79
55;80
55;81
55;82
55;83
55;84
55;119
55;120
55;121
55;122
55;123
55;124
55;125
55;171
55;172
55;173
55;174
55;175
55;176
55;177
56;10
56;11
56;12
56;13
56;14
56;15
56;16
56;17
56;18
56;19
56;20
56;21
56;22
56;23
56;24
56;25
56;26
56;27
56;28
56;29
56;30
56;31
56;32
56;33
56;34
56;35
56;36
56;37
56;63
56;64
56;65
56;66
56;67
56;68
56;69
56;70
56;71
56;72
56;73
56;74
56;75
56;76
56;77
56;78
56;79
56;80
56;81
56;82
56;83
56;118
56;119
56;120
56;121
56;122
56;123
56;124
56;125
56;172
56;173
56;174
56;175
56;176
57;10
57;11
57;12
57;13
57;14
57;15
57;16
57;17
57;18
57;19
57;20
57;21
57;22
57;23
57;24
57;25
57;26
57;27
57;28
57;29
57;30
57;31
57;32
57;33
57;34
57;35
57;36
57;37
57;63
57;64
57;65
57;66
57;67
57;68
57;69
57;70
57;71
57;72
57;73
57;74
57;75
57;76
57;77
57;78
57;79
57;80
57;81
57;82
57;83
57;116
57;117
57;118
57;119
57;120
57;121
57;122
57;123
57;124
57;125
57;173
57;174
57;175
57;176
58;10
58;11
58;12
58;13
58;14
58;15
58;16
58;17
58;18
58;19
58;20
58;21
58;22
58;23
58;24
58;25
58;26
58;27
58;28
58;29
58;30
58;31
58;32
58;33
58;34
58;35
58;36
58;37
58;64
58;65
58;66
58;67
58;68
58;69
58;70
58;71
58;72
58;73
58;74
58;75
58;76
58;77
58;78
58;79
58;80
58;81
58;82
58;115
58;116
58;117
58;118
58;119
58;120
58;121
58;122
58;123
58;124
58;125
58;173
58;174
58;175
59;10
59;11
59;12
59;13
59;14
59;15
59;16
59;17
59;18
59;19
59;20
59;21
59;22
59;23
59;24
59;25
59;26
59;27
59;28
59;29
59;30
59;31
59;32
59;33
59;34
59;35
59;36
59;37
59;65
59;66
59;67
59;68
59;69
59;70
59;71
59;72
59;73
59;74
59;75
59;76
59;77
59;78
59;79
59;80
59;81
59;113
59;114
59;115
59;116
59;117
59;118
59;119
59;120
59;121
59;122
59;123
59;124
59;125
59;174
59;175
60;10
60;11
60;12
60;13
60;14
60;15
60;16
60;17
60;18
60;19
60;20
60;21
60;22
60;23
60;24
60;25
60;26
60;27
60;28
60;29
60;30
60;31
60;32
60;33
60;34
60;35
60;36
60;37
60;66
60;67
60;68
60;69
60;70
60;71
60;72
60;73
60;74
60;75
60;76
60;77
60;78
60;79
60;80
60;112
60;113
60;114
60;115
60;116
60;117
60;118
60;119
60;120
60;121
60;122
60;123
60;124
60;125
60;174
61;10
61;11
61;12
61;13
61;14
61;15
61;16
61;17
61;18
61;19
61;20
61;21
61;22
61;23
61;24
61;25
61;26
61;27
61;28
61;29
61;30
61;31
61;32
61;33
61;34
61;35
61;36
61;37
61;67
61;68
61;69
61;70
61;71
61;72
61;73
61;74
61;75
61;76
61;77
61;78
61;79
61;110
61;111
61;112
61;113
61;114
61;115
61;116
61;117
61;118
61;119
61;120
61;121
61;122
61;123
61;124
61;125
62;10
62;11
62;12
62;13
62;14
62;15
62;16
62;17
62;18
62;19
62;20
62;21
62;22
62;23
62;24
62;25
62;26
62;27
62;28
62;29
62;30
62;31
62;32
62;33
62;34
62;35
62;36
62;37
62;70
62;71
62;72
62;73
62;74
62;75
62;76
62;109
62;110
62;111
62;112
62;113
62;114
62;115
62;116
62;117
62;118
62;119
62;120
62;121
62;122
62;123
62;124
62;125
62;126
63;10
63;11
63;12
63;13
63;14
63;15
63;16
63;17
63;18
63;19
63;20
63;21
63;22
63;23
63;24
63;25
63;26
63;27
63;28
63;29
63;30
63;31
63;32
63;33
63;34
63;35
63;36
63;108
63;109
63;110
63;111
63;112
63;113
63;114
63;115
63;116
63;117
63;118
63;119
63;120
63;121
63;122
63;123
63;124
63;125
63;126
64;11
64;12
64;13
64;14
64;15
64;16
64;17
64;18
64;19
64;20
64;21
64;22
64;23
64;24
64;25
64;26
64;27
64;28
64;29
64;30
64;31
64;32
64;33
64;34
64;35
64;36
64;106
64;107
64;108
64;109
64;110
64;111
64;112
64;113
64;114
64;115
64;116
64;117
64;118
64;119
64;120
64;121
64;122
64;123
64;124
64;125
64;126
65;11
65;12
65;13
65;14
65;15
65;16
65;17
65;18
65;19
65;20
65;21
65;22
65;23
65;24
65;25
65;26
65;27
65;28
65;29
65;30
65;31
65;32
65;33
65;34
65;35
65;105
65;106
65;107
65;108
65;109
65;110
65;111
65;112
65;113
65;114
65;115
65;116
65;117
65;118
65;119
65;120
65;121
65;122
65;123
65;124
65;125
65;126
66;12
66;13
66;14
66;15
66;16
66;17
66;18
66;19
66;20
66;21
66;22
66;23
66;24
66;25
66;26
66;27
66;28
66;29
66;30
66;31
66;32
66;33
66;34
66;35
66;103
66;104
66;105
66;106
66;107
66;108
66;109
66;110
66;111
66;112
66;113
66;114
66;115
66;116
66;117
66;118
66;119
66;120
66;121
66;122
66;123
66;124
66;125
66;126
67;13
67;14
67;15
67;16
67;17
67;18
67;19
67;20
67;21
67;22
67;23
67;24
67;25
67;26
67;27
67;28
67;29
67;30
67;31
67;32
67;33
67;34
67;102
67;103
67;104
67;105
67;106
67;107
67;108
67;109
67;110
67;111
67;112
67;113
67;114
67;115
67;116
67;117
67;118
67;119
67;120
67;121
67;122
67;123
67;124
67;125
67;126
68;13
68;14
68;15
68;16
68;17
68;18
68;19
68;20
68;21
68;22
68;23
68;24
68;25
68;26
68;27
68;28
68;29
68;30
68;31
68;32
68;33
68;100
68;101
68;102
68;103
68;104
68;105
68;106
68;107
68;108
68;109
68;110
68;111
68;112
68;113
68;114
68;115
68;116
68;117
68;118
68;119
68;120
68;121
68;122
68;123
68;124
68;125
68;126
69;14
69;15
69;16
69;17
69;18
69;19
69;20
69;21
69;22
69;23
69;24
69;25
69;26
69;27
69;28
69;29
69;30
69;31
69;32
69;99
69;100
69;101
69;102
69;103
69;104
69;105
69;106
69;107
69;108
69;109
69;110
69;111
69;112
69;113
69;114
69;115
69;116
69;117
69;118
69;119
69;120
69;121
69;122
69;123
69;124
69;125
69;126
70;16
70;17
70;18
70;19
70;20
70;21
70;22
70;23
70;24
70;25
70;26
70;27
70;28
70;29
70;30
70;31
70;97
70;98
70;99
70;100
70;101
70;102
70;103
70;104
70;105
70;106
70;107
70;108
70;109
70;110
70;111
70;112
70;113
70;114
70;115
70;116
70;117
70;118
70;119
70;120
70;121
70;122
70;123
70;124
70;125
70;126
71;17
71;18
71;19
71;20
71;21
71;22
71;23
71;24
71;25
71;26
71;27
71;28
71;29
71;96
71;97
71;98
71;99
71;100
71;101
71;102
71;103
71;104
71;105
71;106
71;107
71;108
71;109
71;110
71;111
71;112
71;113
71;114
71;115
71;116
71;117
71;118
71;119
71;120
71;121
71;122
71;123
71;124
71;125
71;126
72;20
72;21
72;22
72;23
72;24
72;25
72;26
72;27
72;95
72;96
72;97
72;98
72;99
72;100
72;101
72;102
72;103
72;104
72;105
72;106
72;107
72;108
72;109
72;110
72;111
72;112
72;113
72;114
72;115
72;116
72;117
72;118
72;119
72;120
72;121
72;122
72;123
72;124
72;125
72;126
73;93
73;94
73;95
73;96
73;97
73;98
73;99
73;100
73;101
73;102
73;103
73;104
73;105
73;106
73;107
73;108
73;109
73;110
73;111
73;112
73;113
73;114
73;115
73;116
73;117
73;118
73;119
73;120
73;121
73;122
73;123
73;124
73;125
73;126
74;92
74;93
74;94
74;95
74;96
74;97
74;98
74;99
74;100
74;101
74;102
74;103
74;104
74;105
74;106
74;107
74;108
74;109
74;110
74;111
74;112
74;113
74;114
74;115
74;116
74;117
74;118
74;119
74;120
74;121
74;122
74;123
74;124
74;125
74;126
74;127
75;91
75;92
75;93
75;94
75;95
75;96
75;97
75;98
75;99
75;100
75;101
75;102
75;103
75;104
75;105
75;106
75;107
75;108
75;109
75;110
75;111
75;112
75;113
75;114
75;115
75;116
75;117
75;118
75;119
75;120
75;121
75;122
75;123
75;124
75;125
75;126
75;127
76;93
76;94
76;95
76;96
76;97
76;98
76;99
76;100
76;101
76;102
76;103
76;104
76;105
76;106
76;107
76;108
76;109
76;110
76;111
76;112
76;113
76;114
76;115
76;116
76;117
76;118
76;119
76;120
76;121
76;122
76;123
76;124
76;125
76;126
76;127
77;95
77;96
77;97
77;98
77;99
77;100
77;101
77;102
77;103
77;104
77;105
77;106
77;107
77;108
77;109
77;110
77;111
77;112
77;113
77;114
77;115
77;116
77;117
77;118
77;119
77;120
77;121
77;122
77;123
77;124
77;125
77;126
77;127
78;97
78;98
78;99
78;100
78;101
78;102
78;103
78;104
78;105
78;106
78;107
78;108
78;109
78;110
78;111
78;112
78;113
78;114
78;115
78;116
78;117
78;118
78;119
78;120
78;121
78;122
78;123
78;124
78;125
78;126
78;127
79;100
79;101
79;102
79;103
79;104
79;105
79;106
79;107
79;108
79;109
79;110
79;111
79;112
79;113
79;114
79;115
79;116
79;117
79;118
79;119
79;120
79;121
79;122
79;123
79;124
79;125
79;126
79;127
80;102
80;103
80;104
80;105
80;106
80;107
80;108
80;109
80;110
80;111
80;112
80;113
80;114
80;115
80;116
80;117
80;118
80;119
80;120
80;121
80;122
80;123
80;124
80;125
80;126
80;127
81;104
81;105
81;106
81;107
81;108
81;109
81;110
81;111
81;112
81;113
81;114
81;115
81;116
81;117
81;118
81;119
81;120
81;121
81;122
81;123
81;124
81;125
81;126
81;127
82;104
82;105
82;106
82;107
82;108
82;109
82;110
82;111
82;112
82;113
82;114
82;115
82;116
82;117
82;118
82;119
82;120
82;121
82;122
82;123
82;124
82;125
82;126
82;127
83;103
83;104
83;105
83;106
83;107
83;108
83;109
83;110
83;111
83;112
83;113
83;114
83;115
83;116
83;117
83;118
83;119
83;120
83;121
83;122
83;123
83;124
83;125
83;126
83;127
84;103
84;104
84;105
84;106
84;107
84;108
84;109
84;110
84;111
84;112
84;113
84;114
84;115
84;116
84;117
84;118
84;119
84;120
84;121
84;122
84;123
84;124
84;125
84;126
84;127
85;103
85;104
85;105
85;106
85;107
85;108
85;109
85;110
85;111
85;112
85;113
85;114
85;115
85;116
85;117
85;118
85;119
85;120
85;121
85;122
85;123
85;124
85;125
85;126
85;127
85;128
86;102
86;103
86;104
86;105
86;106
86;107
86;108
86;109
86;110
86;111
86;112
86;113
86;114
86;115
86;116
86;117
86;118
86;119
86;120
86;121
86;122
86;123
86;124
86;125
86;126
86;127
86;128
87;102
87;103
87;104
87;105
87;106
87;107
87;108
87;109
87;110
87;111
87;112
87;113
87;114
87;115
87;116
87;117
87;118
87;119
87;120
87;121
87;122
87;123
87;124
87;125
87;126
87;127
87;128
88;102
88;103
88;104
88;105
88;106
88;107
88;108
88;109
88;110
88;111
88;112
88;113
88;114
88;115
88;116
88;117
88;118
88;119
88;120
88;121
88;122
88;123
88;124
88;125
88;126
88;127
88;128
89;102
89;103
89;104
89;105
89;106
89;107
89;108
89;109
89;110
89;111
89;112
89;113
89;114
89;115
89;116
89;117
89;118
89;119
89;120
89;121
89;122
89;123
89;124
89;125
89;126
89;127
89;128
89;135
89;136
89;137
89;138
89;139
89;140
89;141
89;142
89;143
90;103
90;104
90;105
90;106
90;107
90;108
90;109
90;110
90;111
90;112
90;113
90;114
90;115
90;116
90;117
90;118
90;119
90;120
90;121
90;122
90;123
90;124
90;125
90;126
90;127
90;128
90;133
90;134
90;135
90;136
90;137
90;138
90;139
90;140
90;141
90;142
90;143
90;144
90;145
91;103
91;104
91;105
91;106
91;107
91;108
91;109
91;110
91;111
91;112
91;113
91;114
91;115
91;116
91;117
91;118
91;119
91;120
91;121
91;122
91;123
91;124
91;125
91;126
91;127
91;128
91;131
91;132
91;133
91;134
91;135
91;136
91;137
91;138
91;139
91;140
91;141
91;142
91;143
91;144
91;145
91;146
91;147
92;103
92;104
92;105
92;106
92;107
92;108
92;109
92;110
92;111
92;112
92;113
92;114
92;115
92;116
92;117
92;118
92;119
92;120
92;121
92;122
92;123
92;124
92;125
92;126
92;127
92;128
92;130
92;131
92;132
92;133
92;134
92;135
92;136
92;137
92;138
92;139
92;140
92;141
92;142
92;143
92;144
92;145
92;146
92;147
92;148
92;172
92;173
93;104
93;105
93;106
93;107
93;108
93;109
93;110
93;111
93;112
93;113
93;114
93;115
93;116
93;117
93;118
93;119
93;120
93;121
93;122
93;123
93;124
93;125
93;129
93;130
93;131
93;132
93;133
93;134
93;135
93;136
93;137
93;138
93;139
93;140
93;141
93;142
93;143
93;144
93;145
93;146
93;147
93;148
93;149
93;150
93;151
93;171
93;172
93;173
93;174
94;104
94;105
94;106
94;107
94;108
94;109
94;110
94;111
94;112
94;113
94;114
94;115
94;116
94;117
94;118
94;119
94;120
94;121
94;122
94;123
94;124
94;125
94;128
94;129
94;130
94;131
94;132
94;133
94;134
94;135
94;136
94;137
94;138
94;139
94;140
94;141
94;142
94;143
94;144
94;145
94;146
94;147
94;148
94;149
94;150
94;151
94;170
94;171
94;172
94;173
94;174
94;175
94;176
95;105
95;106
95;107
95;108
95;109
95;110
95;111
95;112
95;113
95;114
95;115
95;116
95;117
95;118
95;119
95;120
95;121
95;122
95;123
95;124
95;127
95;128
95;129
95;130
95;131
95;132
95;133
95;134
95;135
95;136
95;137
95;138
95;139
95;140
95;141
95;142
95;143
95;144
95;145
95;146
95;147
95;148
95;149
95;150
95;151
95;170
95;171
95;172
95;173
95;174
95;175
95;176
95;177
95;178
96;106
96;107
96;108
96;109
96;110
96;111
96;112
96;113
96;114
96;115
96;116
96;117
96;118
96;119
96;120
96;121
96;122
96;123
96;127
96;128
96;129
96;130
96;131
96;132
96;133
96;134
96;135
96;136
96;137
96;138
96;139
96;140
96;141
96;142
96;143
96;144
96;145
96;146
96;147
96;148
96;149
96;150
96;151
96;169
96;170
96;171
96;172
96;173
96;174
96;175
96;176
96;177
96;178
96;179
97;107
97;108
97;109
97;110
97;111
97;112
97;113
97;114
97;115
97;116
97;117
97;118
97;119
97;120
97;121
97;122
97;126
97;127
97;128
97;129
97;130
97;131
97;132
97;133
97;134
97;135
97;136
97;137
97;138
97;139
97;140
97;141
97;142
97;143
97;144
97;145
97;146
97;147
97;148
97;149
97;150
97;151
97;152
97;169
97;170
97;171
97;172
97;173
97;174
97;175
97;176
97;177
97;178
97;179
97;180
97;181
98;108
98;109
98;110
98;111
98;112
98;113
98;114
98;115
98;116
98;117
98;118
98;119
98;120
98;121
98;126
98;127
98;128
98;129
98;130
98;131
98;132
98;133
98;134
98;135
98;136
98;137
98;138
98;139
98;140
98;141
98;142
98;143
98;144
98;145
98;146
98;147
98;148
98;149
98;150
98;151
98;152
98;168
98;169
98;170
98;171
98;172
98;173
98;174
98;175
98;176
98;177
98;178
98;179
98;180
98;181
98;182
99;110
99;111
99;112
99;113
99;114
99;115
99;116
99;117
99;118
99;119
99;125
99;126
99;127
99;128
99;129
99;130
99;131
99;132
99;133
99;134
99;135
99;136
99;137
99;138
99;139
99;140
99;141
99;142
99;143
99;144
99;145
99;146
99;147
99;148
99;149
99;150
99;151
99;152
99;153
99;167
99;168
99;169
99;170
99;171
99;172
99;173
99;174
99;175
99;176
99;177
99;178
99;179
99;180
99;181
99;182
99;183
99;184
100;110
100;111
100;112
100;113
100;114
100;115
100;125
100;126
100;127
100;128
100;129
100;130
100;131
100;132
100;133
100;134
100;135
100;136
100;137
100;138
100;139
100;140
100;141
100;142
100;143
100;144
100;145
100;146
100;147
100;148
100;149
100;150
100;151
100;152
100;153
100;167
100;168
100;169
100;170
100;171
100;172
100;173
100;174
100;175
100;176
100;177
100;178
100;179
100;180
100;181
100;182
100;183
100;184
100;185
100;186
101;110
101;111
101;112
101;113
101;114
101;115
101;116
101;117
101;118
101;119
101;120
101;121
101;125
101;126
101;127
101;128
101;129
101;130
101;131
101;132
101;133
101;134
101;135
101;136
101;137
101;138
101;139
101;140
101;141
101;142
101;143
101;144
101;145
101;146
101;147
101;148
101;149
101;150
101;151
101;152
101;153
101;166
101;167
101;168
101;169
101;170
101;171
101;172
101;173
101;174
101;175
101;176
101;177
101;178
101;179
101;180
101;181
101;182
101;183
101;184
101;185
101;186
101;187
102;110
102;111
102;112
102;113
102;114
102;115
102;116
102;117
102;118
102;119
102;120
102;121
102;122
102;123
102;124
102;125
102;126
102;127
102;128
102;129
102;130
102;131
102;132
102;133
102;134
102;135
102;136
102;137
102;138
102;139
102;140
102;141
102;142
102;143
102;144
102;145
102;146
102;147
102;148
102;149
102;150
102;151
102;152
102;153
102;165
102;166
102;167
102;168
102;169
102;170
102;171
102;172
102;173
102;174
102;175
102;176
102;177
102;178
102;179
102;180
102;181
102;182
102;183
102;184
102;185
102;186
102;187
102;188
102;189
103;62
103;63
103;110
103;111
103;112
103;113
103;114
103;115
103;116
103;117
103;118
103;119
103;120
103;121
103;122
103;123
103;124
103;125
103;126
103;127
103;128
103;129
103;130
103;131
103;132
103;133
103;134
103;135
103;136
103;137
103;138
103;139
103;140
103;141
103;142
103;143
103;144
103;145
103;146
103;147
103;148
103;149
103;150
103;151
103;152
103;153
103;165
103;166
103;167
103;168
103;169
103;170
103;171
103;172
103;173
103;174
103;175
103;176
103;177
103;178
103;179
103;180
103;181
103;182
103;183
103;184
103;185
103;186
103;187
103;188
103;189
103;190
103;191
104;60
104;61
104;62
104;63
104;109
104;110
104;111
104;112
104;113
104;114
104;115
104;116
104;117
104;118
104;119
104;120
104;121
104;122
104;123
104;124
104;125
104;126
104;127
104;128
104;129
104;130
104;131
104;132
104;133
104;134
104;135
104;136
104;137
104;138
104;139
104;140
104;141
104;142
104;143
104;144
104;145
104;146
104;147
104;148
104;149
104;150
104;151
104;152
104;153
104;164
104;165
104;166
104;167
104;168
104;169
104;170
104;171
104;172
104;173
104;174
104;175
104;176
104;177
104;178
104;179
104;180
104;181
104;182
104;183
104;184
104;185
104;186
104;187
104;188
104;189
104;190
104;191
104;192
105;57
105;58
105;59
105;60
105;61
105;62
105;63
105;109
105;110
105;111
105;112
105;113
105;114
105;115
105;116
105;117
105;118
105;119
105;120
105;121
105;122
105;123
105;124
105;125
105;126
105;127
105;128
105;129
105;130
105;131
105;132
105;133
105;134
105;135
105;136
105;137
105;138
105;139
105;140
105;141
105;142
105;143
105;144
105;145
105;146
105;147
105;148
105;149
105;150
105;151
105;152
105;153
105;164
105;165
105;166
105;167
105;168
105;169
105;170
105;171
105;172
105;173
105;174
105;175
105;176
105;177
105;178
105;179
105;180
105;181
105;182
105;183
105;184
105;185
105;186
105;187
105;188
105;189
105;190
105;191
105;192
105;193
105;194
106;54
106;55
106;56
106;57
106;58
106;59
106;60
106;61
106;62
106;109
106;110
106;111
106;112
106;113
106;114
106;115
106;116
106;117
106;118
106;119
106;120
106;121
106;122
106;123
106;124
106;125
106;126
106;127
106;128
106;129
106;130
106;131
106;132
106;133
106;134
106;135
106;136
106;137
106;138
106;139
106;140
106;141
106;142
106;143
106;144
106;145
106;146
106;147
106;148
106;149
106;150
106;151
106;152
106;153
106;163
106;164
106;165
106;166
106;167
106;168
106;169
106;170
106;171
106;172
106;173
106;174
106;175
106;176
106;177
106;178
106;179
106;180
106;181
106;182
106;183
106;184
106;185
106;186
106;187
106;188
106;189
106;190
106;191
106;192
106;193
106;194
106;195
107;52
107;53
107;54
107;55
107;56
107;57
107;58
107;59
107;60
107;61
107;62
107;109
107;110
107;111
107;112
107;113
107;114
107;115
107;116
107;117
107;118
107;119
107;120
107;121
107;122
107;123
107;124
107;125
107;126
107;127
107;128
107;129
107;130
107;131
107;132
107;133
107;134
107;135
107;136
107;137
107;138
107;139
107;140
107;141
107;142
107;143
107;144
107;145
107;146
107;147
107;148
107;149
107;150
107;151
107;152
107;153
107;162
107;163
107;164
107;165
107;166
107;167
107;168
107;169
107;170
107;171
107;172
107;173
107;174
107;175
107;176
107;177
107;178
107;179
107;180
107;181
107;182
107;183
107;184
107;185
107;186
107;187
107;188
107;189
107;190
107;191
107;192
107;193
107;194
107;195
107;196
107;197
108;49
108;50
108;51
108;52
108;53
108;54
108;55
108;56
108;57
108;58
108;59
108;60
108;61
108;62
108;109
108;110
108;111
108;112
108;113
108;114
108;115
108;116
108;117
108;118
108;119
108;120
108;121
108;122
108;123
108;124
108;125
108;126
108;127
108;128
108;129
108;130
108;131
108;132
108;133
108;134
108;135
108;136
108;137
108;138
108;139
108;140
108;141
108;142
108;143
108;144
108;145
108;146
108;147
108;148
108;149
108;150
108;151
108;152
108;162
108;163
108;164
108;165
108;166
108;167
108;168
108;169
108;170
108;171
108;172
108;173
108;174
108;175
108;176
108;177
108;178
108;179
108;180
108;181
108;182
108;183
108;184
108;185
108;186
108;187
108;188
108;189
108;190
108;191
108;192
108;193
108;194
108;195
108;196
108;197
108;198
108;199
109;46
109;47
109;48
109;49
109;50
109;51
109;52
109;53
109;54
109;55
109;56
109;57
109;58
109;59
109;60
109;61
109;62
109;109
109;110
109;111
109;112
109;113
109;114
109;115
109;116
109;117
109;118
109;119
109;120
109;121
109;122
109;123
109;124
109;125
109;126
109;127
109;128
109;129
109;130
109;131
109;132
109;133
109;134
109;135
109;136
109;137
109;138
109;139
109;140
109;141
109;142
109;143
109;144
109;145
109;146
109;147
109;148
109;149
109;150
109;151
109;152
109;161
109;162
109;163
109;164
109;165
109;166
109;167
109;168
109;169
109;170
109;171
109;172
109;173
109;174
109;175
109;176
109;177
109;178
109;179
109;180
109;181
109;182
109;183
109;184
109;185
109;186
109;187
109;188
109;189
109;190
109;191
109;192
109;193
109;194
109;195
109;196
109;197
109;198
110;44
110;45
110;46
110;47
110;48
110;49
110;50
110;51
110;52
110;53
110;54
110;55
110;56
110;57
110;58
110;59
110;60
110;61
110;62
110;108
110;109
110;110
110;111
110;112
110;113
110;114
110;115
110;116
110;117
110;118
110;119
110;120
110;121
110;122
110;123
110;124
110;125
110;126
110;127
110;128
110;129
110;130
110;131
110;132
110;133
110;134
110;135
110;136
110;137
110;138
110;139
110;140
110;141
110;142
110;143
110;144
110;145
110;146
110;147
110;148
110;149
110;150
110;151
110;152
110;161
110;162
110;163
110;164
110;165
110;166
110;167
110;168
110;169
110;170
110;171
110;172
110;173
110;174
110;175
110;176
110;177
110;178
110;179
110;180
110;181
110;182
110;183
110;184
110;185
110;186
110;187
110;188
110;189
110;190
110;191
110;192
110;193
110;194
110;195
110;196
110;197
110;198
111;41
111;42
111;43
111;44
111;45
111;46
111;47
111;48
111;49
111;50
111;51
111;52
111;53
111;54
111;55
111;56
111;57
111;58
111;59
111;60
111;61
111;62
111;108
111;109
111;110
111;111
111;112
111;113
111;114
111;115
111;116
111;117
111;118
111;119
111;120
111;121
111;122
111;123
111;124
111;125
111;126
111;127
111;128
111;129
111;130
111;131
111;132
111;133
111;134
111;135
111;136
111;137
111;138
111;139
111;140
111;141
111;142
111;143
111;144
111;145
111;146
111;147
111;148
111;149
111;150
111;151
111;160
111;161
111;162
111;163
111;164
111;165
111;166
111;167
111;168
111;169
111;170
111;171
111;172
111;173
111;174
111;175
111;176
111;177
111;178
111;179
111;180
111;181
111;182
111;183
111;184
111;185
111;186
111;187
111;188
111;189
111;190
111;191
111;192
111;193
111;194
111;195
111;196
111;197
112;38
112;39
112;40
112;41
112;42
112;43
112;44
112;45
112;46
112;47
112;48
112;49
112;50
112;51
112;52
112;53
112;54
112;55
112;56
112;57
112;58
112;59
112;60
112;61
112;108
112;109
112;110
112;111
112;112
112;113
112;114
112;115
112;116
112;117
112;118
112;119
112;120
112;121
112;122
112;123
112;124
112;125
112;126
112;127
112;128
112;129
112;130
112;131
112;132
112;133
112;134
112;135
112;136
112;137
112;138
112;139
112;140
112;141
112;142
112;143
112;144
112;145
112;146
112;147
112;148
112;149
112;150
112;151
112;159
112;160
112;161
112;162
112;163
112;164
112;165
112;166
112;167
112;168
112;169
112;170
112;171
112;172
112;173
112;174
112;175
112;176
112;177
112;178
112;179
112;180
112;181
112;182
112;183
112;184
112;185
112;186
112;187
112;188
112;189
112;190
112;191
112;192
112;193
112;194
112;195
112;196
112;199
113;35
113;36
113;37
113;38
113;39
113;40
113;41
113;42
113;43
113;44
113;45
113;46
113;47
113;48
113;49
113;50
113;51
113;52
113;53
113;54
113;55
113;56
113;57
113;58
113;59
113;60
113;61
113;108
113;109
113;110
113;111
113;112
113;113
113;114
113;115
113;116
113;117
113;118
113;119
113;120
113;121
113;122
113;123
113;124
113;125
113;126
113;127
113;128
113;129
113;130
113;131
113;132
113;133
113;134
113;135
113;136
113;137
113;138
113;139
113;140
113;141
113;142
113;143
113;144
113;145
113;146
113;147
113;148
113;149
113;150
113;151
113;159
113;160
113;161
113;162
113;163
113;164
113;165
113;166
113;167
113;168
113;169
113;170
113;171
113;172
113;173
113;174
113;175
113;176
113;177
113;178
113;179
113;180
113;181
113;182
113;183
113;184
113;185
113;186
113;187
113;188
113;189
113;190
113;191
113;192
113;193
113;194
113;195
113;196
113;197
113;198
113;199
114;33
114;34
114;35
114;36
114;37
114;38
114;39
114;40
114;41
114;42
114;43
114;44
114;45
114;46
114;47
114;48
114;49
114;50
114;51
114;52
114;53
114;54
114;55
114;56
114;57
114;58
114;59
114;60
114;61
114;108
114;109
114;110
114;111
114;112
114;113
114;114
114;115
114;116
114;117
114;118
114;119
114;120
114;121
114;122
114;123
114;124
114;125
114;126
114;127
114;128
114;129
114;130
114;131
114;132
114;133
114;134
114;135
114;136
114;137
114;138
114;139
114;140
114;141
114;142
114;143
114;144
114;145
114;146
114;147
114;148
114;149
114;150
114;151
114;158
114;159
114;160
114;161
114;162
114;163
114;164
114;165
114;166
114;167
114;168
114;169
114;170
114;171
114;172
114;173
114;174
114;175
114;176
114;177
114;178
114;179
114;180
114;181
114;182
114;183
114;184
114;185
114;186
114;187
114;188
114;189
114;190
114;191
114;192
114;193
114;194
114;195
114;196
114;197
114;198
114;199
115;30
115;31
115;32
115;33
115;34
115;35
115;36
115;37
115;38
115;39
115;40
115;41
115;42
115;43
115;44
115;45
115;46
115;47
115;48
115;49
115;50
115;51
115;52
115;53
115;54
115;55
115;56
115;57
115;58
115;59
115;60
115;61
115;108
115;109
115;110
115;111
115;112
115;113
115;114
115;115
115;116
115;117
115;118
115;119
115;120
115;121
115;122
115;123
115;124
115;125
115;126
115;127
115;128
115;129
115;130
115;131
115;132
115;133
115;134
115;135
115;136
115;137
115;138
115;139
115;140
115;141
115;142
115;143
115;144
115;145
115;146
115;147
115;157
115;158
115;159
115;160
115;161
115;162
115;163
115;164
115;165
115;166
115;167
115;168
115;169
115;170
115;171
115;172
115;173
115;174
115;175
115;176
115;177
115;178
115;179
115;180
115;181
115;182
115;183
115;184
115;185
115;186
115;187
115;188
115;189
115;190
115;191
115;192
115;193
115;194
115;195
115;196
115;197
115;198
115;199
116;29
116;30
116;31
116;32
116;33
116;34
116;35
116;36
116;37
116;38
116;39
116;40
116;41
116;42
116;43
116;44
116;45
116;46
116;47
116;48
116;49
116;50
116;51
116;52
116;53
116;54
116;55
116;56
116;57
116;58
116;59
116;60
116;61
116;107
116;108
116;109
116;110
116;111
116;112
116;113
116;114
116;115
116;116
116;117
116;118
116;119
116;120
116;121
116;122
116;123
116;124
116;125
116;126
116;127
116;128
116;129
116;130
116;131
116;132
116;133
116;134
116;135
116;136
116;137
116;138
116;139
116;140
116;141
116;142
116;143
116;144
116;145
116;146
116;157
116;158
116;159
116;160
116;161
116;162
116;163
116;164
116;165
116;166
116;167
116;168
116;169
116;170
116;171
116;172
116;173
116;174
116;175
116;176
116;177
116;178
116;179
116;180
116;181
116;182
116;183
116;184
116;185
116;186
116;187
116;188
116;189
116;190
116;191
116;192
116;193
116;194
116;195
116;196
116;197
116;198
116;199
117;30
117;31
117;32
117;33
117;34
117;35
117;36
117;37
117;38
117;39
117;40
117;41
117;42
117;43
117;44
117;45
117;46
117;47
117;48
117;49
117;50
117;51
117;52
117;53
117;54
117;55
117;56
117;57
117;58
117;59
117;60
117;61
117;107
117;108
117;109
117;110
117;111
117;112
117;113
117;114
117;115
117;116
117;117
117;118
117;119
117;120
117;121
117;122
117;123
117;124
117;125
117;126
117;127
117;128
117;129
117;130
117;131
117;132
117;133
117;134
117;135
117;136
117;137
117;138
117;139
117;140
117;141
117;142
117;143
117;144
117;156
117;157
117;158
117;159
117;160
117;161
117;162
117;163
117;164
117;165
117;166
117;167
117;168
117;169
117;170
117;171
117;172
117;173
117;174
117;175
117;176
117;177
117;178
117;179
117;180
117;181
117;182
117;183
117;184
117;185
117;186
117;187
117;188
117;189
117;190
117;191
117;192
117;193
117;194
117;195
117;196
117;197
117;198
117;199
118;31
118;32
118;33
118;34
118;35
118;36
118;37
118;38
118;39
118;40
118;41
118;42
118;43
118;44
118;45
118;46
118;47
118;48
118;49
118;50
118;51
118;52
118;53
118;54
118;55
118;56
118;57
118;58
118;59
118;60
118;107
118;108
118;109
118;110
118;111
118;112
118;113
118;114
118;115
118;116
118;117
118;118
118;119
118;120
118;121
118;122
118;123
118;124
118;125
118;126
118;127
118;128
118;129
118;130
118;131
118;132
118;133
118;134
118;135
118;136
118;156
118;157
118;158
118;159
118;160
118;161
118;162
118;163
118;164
118;165
118;166
118;167
118;168
118;169
118;170
118;171
118;172
118;173
118;174
118;175
118;176
118;177
118;178
118;179
118;180
118;181
118;182
118;183
118;184
118;185
118;186
118;187
118;188
118;189
118;190
118;191
118;192
118;193
118;194
118;195
118;196
118;197
118;198
118;199
119;32
119;33
119;34
119;35
119;36
119;37
119;38
119;39
119;40
119;41
119;42
119;43
119;44
119;45
119;46
119;47
119;48
119;49
119;50
119;51
119;52
119;53
119;54
119;55
119;56
119;57
119;58
119;59
119;60
119;107
119;108
119;109
119;110
119;111
119;112
119;113
119;114
119;115
119;116
119;117
119;118
119;119
119;120
119;121
119;122
119;123
119;124
119;125
119;126
119;127
119;128
119;129
119;130
119;131
119;132
119;133
119;134
119;135
119;136
119;156
119;157
119;158
119;159
119;160
119;161
119;162
119;163
119;164
119;165
119;166
119;167
119;168
119;169
119;170
119;171
119;172
119;173
119;174
119;175
119;176
119;177
119;178
119;179
119;180
119;181
119;182
119;183
119;184
119;185
119;186
119;187
119;188
119;189
119;190
119;191
119;192
119;193
119;194
119;195
119;196
119;197
119;198
119;199
120;34
120;35
120;36
120;37
120;38
120;39
120;40
120;41
120;42
120;43
120;44
120;45
120;46
120;47
120;48
120;49
120;50
120;51
120;52
120;53
120;54
120;55
120;56
120;57
120;58
120;59
120;60
120;107
120;108
120;109
120;110
120;111
120;112
120;113
120;114
120;115
120;116
120;117
120;118
120;119
120;120
120;121
120;122
120;123
120;124
120;125
120;126
120;127
120;128
120;129
120;130
120;131
120;132
120;133
120;134
120;135
120;157
120;158
120;159
120;160
120;161
120;162
120;163
120;164
120;165
120;166
120;167
120;168
120;169
120;170
120;171
120;172
120;173
120;174
120;175
120;176
120;177
120;178
120;179
120;180
120;181
120;182
120;183
120;184
120;185
120;186
120;187
120;188
120;189
120;190
120;191
120;192
120;193
120;194
120;195
120;196
120;197
120;198
120;199
121;35
121;36
121;37
121;38
121;39
121;40
121;41
121;42
121;43
121;44
121;45
121;46
121;47
121;48
121;49
121;50
121;51
121;52
121;53
121;54
121;55
121;56
121;57
121;58
121;59
121;60
121;107
121;108
121;109
121;110
121;111
121;112
121;113
121;114
121;115
121;116
121;117
121;118
121;119
121;120
121;121
121;122
121;123
121;124
121;125
121;126
121;127
121;128
121;129
121;130
121;131
121;132
121;133
121;134
121;135
121;159
121;160
121;161
121;162
121;163
121;164
121;165
121;166
121;167
121;168
121;169
121;170
121;171
121;172
121;173
121;174
121;175
121;176
121;177
121;178
121;179
121;180
121;181
121;182
121;183
121;184
121;185
121;186
121;187
121;188
121;189
121;190
121;191
121;192
121;193
121;194
121;195
121;196
121;197
121;198
121;199
122;36
122;37
122;38
122;39
122;40
122;41
122;42
122;43
122;44
122;45
122;46
122;47
122;48
122;49
122;50
122;51
122;52
122;53
122;54
122;55
122;56
122;57
122;58
122;59
122;60
122;106
122;107
122;108
122;109
122;110
122;111
122;112
122;113
122;114
122;115
122;116
122;117
122;118
122;119
122;120
122;121
122;122
122;123
122;124
122;125
122;126
122;127
122;128
122;129
122;130
122;131
122;132
122;133
122;134
122;135
122;161
122;162
122;163
122;164
122;165
122;166
122;167
122;168
122;169
122;170
122;171
122;172
122;173
122;174
122;175
122;176
122;177
122;178
122;179
122;180
122;181
122;182
122;183
122;184
122;185
122;186
122;187
122;188
122;189
122;190
122;191
122;192
122;193
122;194
122;195
122;196
122;197
122;198
122;199
123;37
123;38
123;39
123;40
123;41
123;42
123;43
123;44
123;45
123;46
123;47
123;48
123;49
123;50
123;51
123;52
123;53
123;54
123;55
123;56
123;57
123;58
123;59
123;60
123;106
123;107
123;108
123;109
123;110
123;111
123;112
123;113
123;114
123;115
123;116
123;117
123;118
123;119
123;120
123;121
123;122
123;123
123;124
123;125
123;126
123;127
123;128
123;129
123;130
123;131
123;132
123;133
123;134
123;135
123;162
123;163
123;164
123;165
123;166
123;167
123;168
123;169
123;170
123;171
123;172
123;173
123;174
123;175
123;176
123;177
123;178
123;179
123;180
123;181
123;182
123;183
123;184
123;185
123;186
123;187
123;188
123;189
123;190
123;191
123;192
123;193
123;194
123;195
123;196
123;197
123;198
123;199
124;38
124;39
124;40
124;41
124;42
124;43
124;44
124;45
124;46
124;47
124;48
124;49
124;50
124;51
124;52
124;53
124;54
124;55
124;56
124;57
124;58
124;59
124;106
124;107
124;108
124;109
124;110
124;111
124;112
124;113
124;114
124;115
124;116
124;117
124;118
124;119
124;120
124;121
124;122
124;123
124;124
124;125
124;126
124;127
124;128
124;129
124;130
124;131
124;132
124;133
124;134
124;135
124;164
124;165
124;166
124;167
124;168
124;169
124;170
124;171
124;172
124;173
124;174
124;175
124;176
124;177
124;178
124;179
124;180
124;181
124;182
124;183
124;184
124;185
124;186
124;187
124;188
124;189
124;190
124;191
124;192
124;193
124;194
124;195
124;196
124;197
124;198
124;199
125;40
125;41
125;42
125;43
125;44
125;45
125;46
125;47
125;48
125;49
125;50
125;51
125;52
125;53
125;54
125;55
125;56
125;57
125;58
125;59
125;106
125;107
125;108
125;109
125;110
125;111
125;112
125;113
125;114
125;115
125;116
125;117
125;118
125;119
125;120
125;121
125;122
125;123
125;124
125;125
125;126
125;127
125;128
125;129
125;130
125;131
125;132
125;133
125;134
125;135
125;166
125;167
125;168
125;169
125;170
125;171
125;172
125;173
125;174
125;175
125;176
125;177
125;178
125;179
125;180
125;181
125;182
125;183
125;184
125;185
125;186
125;187
125;188
125;189
125;190
125;191
125;192
125;193
125;194
125;195
125;196
125;197
125;198
125;199
126;41
126;42
126;43
126;44
126;45
126;46
126;47
126;48
126;49
126;50
126;51
126;52
126;53
126;54
126;55
126;56
126;57
126;58
126;59
126;106
126;107
126;108
126;109
126;110
126;111
126;112
126;113
126;114
126;115
126;116
126;117
126;118
126;119
126;120
126;121
126;122
126;123
126;124
126;125
126;126
126;127
126;128
126;129
126;130
126;131
126;132
126;133
126;134
126;167
126;168
126;169
126;170
126;171
126;172
126;173
126;174
126;175
126;176
126;177
126;178
126;179
126;180
126;181
126;182
126;183
126;184
126;185
126;186
126;187
126;188
126;189
126;190
126;191
126;192
126;193
126;194
126;195
126;196
126;197
126;198
126;199
127;42
127;43
127;44
127;45
127;46
127;47
127;48
127;49
127;50
127;51
127;52
127;53
127;54
127;55
127;56
127;57
127;58
127;59
127;106
127;107
127;108
127;109
127;110
127;111
127;112
127;113
127;114
127;115
127;116
127;117
127;118
127;119
127;120
127;121
127;122
127;123
127;124
127;125
127;126
127;127
127;128
127;129
127;130
127;131
127;132
127;133
127;134
127;157
127;158
127;159
127;160
127;161
127;162
127;163
127;169
127;170
127;171
127;172
127;173
127;174
127;175
127;176
127;177
127;178
127;179
127;180
127;181
127;182
127;183
127;184
127;185
127;186
127;187
127;188
127;189
127;190
127;191
127;192
127;193
127;194
127;195
127;196
127;197
127;198
127;199
128;43
128;44
128;45
128;46
128;47
128;48
128;49
128;50
128;51
128;52
128;53
128;54
128;55
128;56
128;57
128;58
128;59
128;105
128;106
128;107
128;108
128;109
128;110
128;111
128;112
128;113
128;114
128;115
128;116
128;117
128;118
128;119
128;120
128;121
128;122
128;123
128;124
128;125
128;126
128;127
128;128
128;129
128;130
128;131
128;132
128;133
128;134
128;153
128;154
128;155
128;156
128;157
128;158
128;159
128;160
128;161
128;162
128;163
128;164
128;165
128;166
128;170
128;171
128;172
128;173
128;174
128;175
128;176
128;177
128;178
128;179
128;180
128;181
128;182
128;183
128;184
128;185
128;186
128;187
128;188
128;189
128;190
128;191
128;192
128;193
128;194
128;195
128;196
128;197
128;198
128;199
129;45
129;46
129;47
129;48
129;49
129;50
129;51
129;52
129;53
129;54
129;55
129;56
129;57
129;58
129;59
129;111
129;112
129;113
129;114
129;115
129;116
129;117
129;118
129;119
129;120
129;121
129;122
129;123
129;124
129;125
129;126
129;127
129;128
129;129
129;130
129;131
129;132
129;133
129;134
129;151
129;152
129;153
129;154
129;155
129;156
129;157
129;158
129;159
129;160
129;161
129;162
129;163
129;164
129;165
129;166
129;167
129;168
129;172
129;173
129;174
129;175
129;176
129;177
129;178
129;179
129;180
129;181
129;182
129;183
129;184
129;185
129;186
129;187
129;188
129;189
129;190
129;191
129;192
129;193
129;194
129;195
129;196
129;197
129;198
129;199
130;46
130;47
130;48
130;49
130;50
130;51
130;52
130;53
130;54
130;55
130;56
130;57
130;58
130;117
130;118
130;119
130;120
130;121
130;122
130;123
130;124
130;125
130;126
130;127
130;128
130;129
130;130
130;131
130;132
130;133
130;134
130;150
130;151
130;152
130;153
130;154
130;155
130;156
130;157
130;158
130;159
130;160
130;161
130;162
130;163
130;164
130;165
130;166
130;167
130;168
130;169
130;170
130;174
130;175
130;176
130;177
130;178
130;179
130;180
130;181
130;182
130;183
130;184
130;185
130;186
130;187
130;188
130;189
130;190
130;191
130;192
130;193
130;194
130;195
130;196
130;197
130;198
130;199
131;47
131;48
131;49
131;50
131;51
131;52
131;53
131;54
131;55
131;56
131;57
131;58
131;123
131;124
131;125
131;126
131;127
131;128
131;129
131;130
131;131
131;132
131;133
131;134
131;148
131;149
131;150
131;151
131;152
131;153
131;154
131;155
131;156
131;157
131;158
131;159
131;160
131;161
131;162
131;163
131;164
131;165
131;166
131;167
131;168
131;169
131;170
131;171
131;175
131;176
131;177
131;178
131;179
131;180
131;181
131;182
131;183
131;184
131;185
131;186
131;187
131;188
131;189
131;190
131;191
131;192
131;193
131;194
131;195
131;196
131;197
131;198
131;199
132;48
132;49
132;50
132;51
132;52
132;53
132;54
132;55
132;56
132;57
132;58
132;129
132;130
132;131
132;132
132;133
132;147
132;148
132;149
132;150
132;151
132;152
132;153
132;154
132;155
132;156
132;157
132;158
132;159
132;160
132;161
132;162
132;163
132;164
132;165
132;166
132;167
132;168
132;169
132;170
132;171
132;172
132;173
132;175
132;176
132;177
132;178
132;179
132;180
132;181
132;182
132;183
132;184
132;185
132;186
132;187
132;188
132;189
132;190
132;191
132;192
132;193
132;194
132;195
132;196
132;197
132;198
132;199
133;49
133;50
133;51
133;52
133;53
133;54
133;55
133;56
133;57
133;58
133;146
133;147
133;148
133;149
133;150
133;151
133;152
133;153
133;154
133;155
133;156
133;157
133;158
133;159
133;160
133;161
133;162
133;163
133;164
133;165
133;166
133;167
133;168
133;169
133;170
133;171
133;172
133;173
133;174
133;175
133;176
133;177
133;178
133;179
133;180
133;181
133;182
133;183
133;184
133;185
133;186
133;187
133;188
133;189
133;190
133;191
133;192
133;193
133;194
133;195
133;196
133;197
133;198
133;199
134;51
134;52
134;53
134;54
134;55
134;56
134;57
134;58
134;60
134;145
134;146
134;147
134;148
134;149
134;150
134;151
134;152
134;153
134;154
134;155
134;156
134;157
134;158
134;159
134;160
134;161
134;162
134;163
134;164
134;165
134;166
134;167
134;168
134;169
134;170
134;171
134;172
134;173
134;174
134;175
134;176
134;177
134;178
134;179
134;180
134;181
134;182
134;183
134;184
134;185
134;186
134;187
134;188
134;189
134;190
134;191
134;192
134;193
134;194
134;195
134;196
134;197
134;198
134;199
135;7
135;8
135;9
135;10
135;11
135;12
135;13
135;14
135;52
135;53
135;54
135;55
135;56
135;57
135;58
135;59
135;60
135;61
135;144
135;145
135;146
135;147
135;148
135;149
135;150
135;151
135;152
135;153
135;154
135;155
135;156
135;157
135;158
135;159
135;160
135;161
135;162
135;163
135;164
135;165
135;166
135;167
135;168
135;169
135;170
135;171
135;172
135;173
135;174
135;175
135;176
135;177
135;178
135;179
135;180
135;181
135;182
135;183
135;184
135;185
135;186
135;187
135;188
135;189
135;190
135;191
135;192
135;193
135;194
135;195
135;196
135;197
135;198
135;199
136;4
136;5
136;6
136;7
136;8
136;9
136;10
136;11
136;12
136;13
136;14
136;15
136;16
136;17
136;53
136;54
136;55
136;56
136;57
136;59
136;60
136;61
136;62
136;63
136;144
136;145
136;146
136;147
136;148
136;149
136;150
136;151
136;152
136;153
136;154
136;155
136;156
136;157
136;158
136;159
136;160
136;161
136;162
136;163
136;164
136;165
136;166
136;167
136;168
136;169
136;170
136;171
136;172
136;173
136;174
136;175
136;176
136;177
136;178
136;179
136;180
136;181
136;182
136;183
136;184
136;185
136;186
136;187
136;188
136;189
136;190
136;191
136;192
136;193
136;194
136;195
136;196
136;197
136;198
136;199
137;2
137;3
137;4
137;5
137;6
137;7
137;8
137;9
137;10
137;11
137;12
137;13
137;14
137;15
137;16
137;17
137;18
137;19
137;54
137;55
137;56
137;57
137;58
137;59
137;60
137;61
137;62
137;63
137;64
137;143
137;144
137;145
137;146
137;147
137;148
137;149
137;150
137;151
137;152
137;153
137;154
137;155
137;156
137;157
137;158
137;159
137;160
137;161
137;162
137;163
137;164
137;165
137;166
137;167
137;168
137;169
137;170
137;171
137;172
137;173
137;174
137;175
137;176
137;177
137;178
137;179
137;180
137;181
137;182
137;183
137;184
137;185
137;186
137;187
137;188
137;189
137;190
137;191
137;192
137;193
137;194
137;195
137;196
137;197
137;198
137;199
138;1
138;2
138;3
138;4
138;5
138;6
138;7
138;8
138;9
138;10
138;11
138;12
138;13
138;14
138;15
138;16
138;17
138;18
138;19
138;20
138;55
138;56
138;57
138;58
138;59
138;60
138;61
138;62
138;63
138;64
138;65
138;143
138;144
138;145
138;146
138;147
138;148
138;149
138;150
138;151
138;152
138;153
138;154
138;155
138;156
138;157
138;158
138;159
138;160
138;161
138;162
138;163
138;164
138;165
138;166
138;167
138;168
138;169
138;170
138;171
138;172
138;173
138;174
138;175
138;176
138;177
138;178
138;179
138;180
138;181
138;182
138;183
138;184
138;185
138;186
138;187
138;188
138;189
138;190
138;191
138;192
138;193
138;194
138;195
138;196
138;197
138;198
138;199
139;0
139;1
139;2
139;3
139;4
139;5
139;6
139;7
139;8
139;9
139;10
139;11
139;12
139;13
139;14
139;15
139;16
139;17
139;18
139;19
139;20
139;21
139;56
139;57
139;58
139;59
139;60
139;61
139;62
139;63
139;64
139;65
139;66
139;67
139;142
139;143
139;144
139;145
139;146
139;147
139;148
139;149
139;150
139;151
139;152
139;153
139;154
139;155
139;156
139;157
139;158
139;159
139;160
139;161
139;162
139;163
139;164
139;165
139;166
139;167
139;168
139;169
139;170
139;171
139;172
139;173
139;174
139;175
139;176
139;177
139;178
139;179
139;180
139;181
139;182
139;183
139;184
139;185
139;186
139;187
139;188
139;189
139;190
139;191
139;192
139;193
139;194
139;195
139;196
139;197
139;198
139;199
140;0
140;1
140;2
140;3
140;4
140;5
140;6
140;7
140;8
140;9
140;10
140;11
140;12
140;13
140;14
140;15
140;16
140;17
140;18
140;19
140;20
140;21
140;22
140;56
140;57
140;58
140;59
140;60
140;61
140;62
140;63
140;64
140;65
140;66
140;67
140;68
140;142
140;143
140;144
140;145
140;146
140;147
140;148
140;149
140;150
140;151
140;152
140;153
140;154
140;155
140;156
140;157
140;158
140;159
140;160
140;161
140;162
140;163
140;164
140;165
140;166
140;167
140;168
140;169
140;170
140;171
140;172
140;173
140;174
140;175
140;176
140;177
140;178
140;179
140;180
140;181
140;182
140;183
140;184
140;185
140;186
140;187
140;188
140;189
140;190
140;191
140;192
140;193
140;194
140;195
140;196
140;197
140;198
140;199
141;0
141;1
141;2
141;3
141;4
141;5
141;6
141;7
141;8
141;9
141;10
141;11
141;12
141;13
141;14
141;15
141;16
141;17
141;18
141;19
141;20
141;21
141;22
141;23
141;55
141;56
141;57
141;58
141;59
141;60
141;61
141;62
141;63
141;64
141;65
141;66
141;67
141;68
141;69
141;142
141;143
141;144
141;145
141;146
141;147
141;148
141;149
141;150
141;151
141;152
141;153
141;154
141;155
141;156
141;157
141;158
141;159
141;160
141;161
141;162
141;163
141;164
141;165
141;166
141;167
141;168
141;169
141;170
141;171
141;172
141;173
141;174
141;175
141;176
141;177
141;178
141;179
141;180
141;181
141;182
141;183
141;184
141;185
141;186
141;187
141;188
141;189
141;190
141;191
141;192
141;193
141;194
141;195
141;196
141;197
141;198
141;199
142;0
142;1
142;2
142;3
142;4
142;5
142;6
142;7
142;8
142;9
142;10
142;11
142;12
142;13
142;14
142;15
142;16
142;17
142;18
142;19
142;20
142;21
142;22
142;23
142;54
142;55
142;56
142;57
142;58
142;59
142;60
142;61
142;62
142;63
142;64
142;65
142;66
142;67
142;68
142;69
142;70
142;71
142;141
142;142
142;143
142;144
142;145
142;146
142;147
142;148
142;149
142;150
142;151
142;152
142;153
142;154
142;155
142;156
142;157
142;158
142;159
142;160
142;161
142;162
142;163
142;164
142;165
142;166
142;167
142;168
142;169
142;170
142;171
142;172
142;173
142;174
142;175
142;176
142;177
142;178
142;179
142;180
142;181
142;182
142;183
142;184
142;185
142;186
142;187
142;188
142;189
142;190
142;191
142;192
142;193
142;194
142;195
142;196
142;197
142;198
142;199
143;0
143;1
143;2
143;3
143;4
143;5
143;6
143;7
143;8
143;9
143;10
143;11
143;12
143;13
143;14
143;15
143;16
143;17
143;18
143;19
143;20
143;21
143;22
143;23
143;24
143;53
143;54
143;55
143;56
143;57
143;58
143;59
143;60
143;61
143;62
143;63
143;64
143;65
143;66
143;67
143;68
143;69
143;70
143;71
143;72
143;141
143;142
143;143
143;144
143;145
143;146
143;147
143;148
143;149
143;150
143;151
143;152
143;153
143;154
143;155
143;156
143;157
143;158
143;159
143;160
143;161
143;162
143;163
143;164
143;165
143;166
143;167
143;168
143;169
143;170
143;171
143;172
143;173
143;174
143;175
143;176
143;177
143;178
143;179
143;180
143;181
143;182
143;183
143;184
143;185
143;186
143;187
143;188
143;189
143;190
143;191
143;192
143;193
143;194
143;195
143;196
143;197
143;198
143;199
144;0
144;1
144;2
144;3
144;4
144;5
144;6
144;7
144;8
144;9
144;10
144;11
144;12
144;13
144;14
144;15
144;16
144;17
144;18
144;19
144;20
144;21
144;22
144;23
144;24
144;53
144;54
144;55
144;56
144;57
144;58
144;59
144;60
144;61
144;62
144;63
144;64
144;65
144;66
144;67
144;68
144;69
144;70
144;71
144;72
144;73
144;74
144;141
144;142
144;143
144;144
144;145
144;146
144;147
144;148
144;149
144;150
144;151
144;152
144;153
144;154
144;155
144;156
144;157
144;158
144;159
144;160
144;161
144;162
144;163
144;164
144;165
144;166
144;167
144;168
144;169
144;170
144;171
144;172
144;173
144;174
144;175
144;176
144;177
144;178
144;179
144;180
144;181
144;182
144;183
144;184
144;185
144;186
144;187
144;188
144;189
144;190
144;191
144;192
144;193
144;194
144;195
144;196
144;197
144;198
144;199
145;0
145;1
145;2
145;3
145;4
145;5
145;6
145;7
145;8
145;9
145;10
145;11
145;12
145;13
145;14
145;15
145;16
145;17
145;18
145;19
145;20
145;21
145;22
145;23
145;24
145;52
145;53
145;54
145;55
145;56
145;57
145;58
145;59
145;60
145;61
145;62
145;63
145;64
145;65
145;66
145;67
145;68
145;69
145;70
145;71
145;72
145;73
145;74
145;75
145;141
145;142
145;143
145;144
145;145
145;146
145;147
145;148
145;149
145;150
145;151
145;152
145;153
145;154
145;155
145;156
145;157
145;158
145;159
145;160
145;161
145;162
145;163
145;164
145;165
145;166
145;167
145;168
145;169
145;170
145;171
145;172
145;173
145;174
145;175
145;176
145;177
145;178
145;179
145;180
145;181
145;182
145;183
145;184
145;185
145;186
145;187
145;188
145;189
145;190
145;191
145;192
145;193
145;194
145;195
145;196
145;197
145;198
145;199
146;0
146;1
146;2
146;3
146;4
146;5
146;6
146;7
146;8
146;9
146;10
146;11
146;12
146;13
146;14
146;15
146;16
146;17
146;18
146;19
146;20
146;21
146;22
146;23
146;24
146;25
146;51
146;52
146;53
146;54
146;55
146;56
146;57
146;58
146;59
146;60
146;61
146;62
146;63
146;64
146;65
146;66
146;67
146;68
146;69
146;70
146;71
146;72
146;73
146;74
146;75
146;76
146;141
146;142
146;143
146;144
146;145
146;146
146;147
146;148
146;149
146;150
146;151
146;152
146;153
146;154
146;155
146;156
146;157
146;158
146;159
146;160
146;161
146;162
146;163
146;164
146;165
146;166
146;167
146;168
146;169
146;170
146;171
146;172
146;173
146;174
146;175
146;176
146;177
146;178
146;179
146;180
146;181
146;182
146;183
146;184
146;185
146;186
146;187
146;188
146;189
146;190
146;191
146;192
146;193
146;194
146;195
146;196
146;197
146;198
146;199
147;0
147;1
147;2
147;3
147;4
147;5
147;6
147;7
147;8
147;9
147;10
147;11
147;12
147;13
147;14
147;15
147;16
147;17
147;18
147;19
147;20
147;21
147;22
147;23
147;24
147;25
147;50
147;51
147;52
147;53
147;54
147;55
147;56
147;57
147;58
147;59
147;60
147;61
147;62
147;63
147;64
147;65
147;66
147;67
147;68
147;69
147;70
147;71
147;72
147;73
147;74
147;75
147;141
147;142
147;143
147;144
147;145
147;146
147;147
147;148
147;149
147;150
147;151
147;152
147;153
147;154
147;155
147;156
147;157
147;158
147;159
147;160
147;161
147;162
147;163
147;164
147;165
147;166
147;167
147;168
147;169
147;170
147;171
147;172
147;173
147;174
147;175
147;176
147;177
147;178
147;179
147;180
147;181
147;182
147;183
147;184
147;185
147;186
147;187
147;188
147;189
147;190
147;191
147;192
147;193
147;194
147;195
147;196
147;197
147;198
147;199
148;0
148;1
148;2
148;3
148;4
148;5
148;6
148;7
148;8
148;9
148;10
148;11
148;12
148;13
148;14
148;15
148;16
148;17
148;18
148;19
148;20
148;21
148;22
148;23
148;24
148;25
148;50
148;51
148;52
148;53
148;54
148;55
148;56
148;57
148;58
148;59
148;60
148;61
148;62
148;63
148;64
148;65
148;66
148;67
148;68
148;69
148;70
148;71
148;72
148;73
148;74
148;141
148;142
148;143
148;144
148;145
148;146
148;147
148;148
148;149
148;150
148;151
148;152
148;153
148;154
148;155
148;156
148;157
148;158
148;159
148;160
148;161
148;162
148;163
148;164
148;165
148;166
148;167
148;168
148;169
148;170
148;171
148;172
148;173
148;174
148;175
148;176
148;177
148;178
148;180
148;181
148;182
148;183
148;184
148;185
148;186
148;187
148;188
148;189
148;190
148;191
148;192
148;193
148;194
148;195
148;196
148;197
148;198
148;199
149;0
149;1
149;2
149;3
149;4
149;5
149;6
149;7
149;8
149;9
149;10
149;11
149;12
149;13
149;14
149;15
149;16
149;17
149;18
149;19
149;20
149;21
149;22
149;23
149;24
149;25
149;49
149;50
149;51
149;52
149;53
149;54
149;55
149;56
149;57
149;58
149;59
149;60
149;61
149;62
149;63
149;64
149;65
149;66
149;67
149;68
149;69
149;70
149;71
149;72
149;73
149;74
149;141
149;142
149;143
149;144
149;145
149;146
149;147
149;148
149;149
149;150
149;151
149;152
149;153
149;154
149;155
149;156
149;157
149;158
149;159
149;160
149;161
149;162
149;163
149;164
149;165
149;166
149;167
149;168
149;169
149;170
149;171
149;172
149;173
149;174
149;175
149;176
149;177
149;178
149;181
149;182
149;183
149;184
149;185
149;186
149;187
149;188
149;189
149;190
149;191
149;192
149;193
149;194
149;195
149;196
149;197
149;198
149;199
150;0
150;1
150;2
150;3
150;4
150;5
150;6
150;7
150;8
150;9
150;10
150;11
150;12
150;13
150;14
150;15
150;16
150;17
150;18
150;19
150;20
150;21
150;22
150;23
150;24
150;25
150;48
150;49
150;50
150;51
150;52
150;53
150;54
150;55
150;56
150;57
150;58
150;59
150;60
150;61
150;62
150;63
150;64
150;65
150;66
150;67
150;68
150;69
150;70
150;71
150;72
150;73
150;142
150;143
150;144
150;145
150;146
150;147
150;148
150;149
150;150
150;151
150;152
150;153
150;154
150;155
150;156
150;157
150;158
150;159
150;160
150;161
150;162
150;163
150;164
150;165
150;166
150;167
150;168
150;169
150;170
150;171
150;172
150;173
150;174
150;175
150;176
150;177
150;178
150;182
150;183
150;184
150;185
150;186
150;187
150;188
150;189
150;190
150;191
150;192
150;193
150;194
150;195
150;196
150;197
150;198
150;199
151;0
151;1
151;2
151;3
151;4
151;5
151;6
151;7
151;8
151;9
151;10
151;11
151;12
151;13
151;14
151;15
151;16
151;17
151;18
151;19
151;20
151;21
151;22
151;23
151;24
151;25
151;49
151;50
151;51
151;52
151;53
151;54
151;55
151;56
151;57
151;58
151;59
151;60
151;61
151;62
151;63
151;64
151;65
151;66
151;67
151;68
151;69
151;70
151;71
151;72
151;142
151;143
151;144
151;145
151;146
151;147
151;148
151;149
151;150
151;151
151;152
151;153
151;154
151;155
151;156
151;157
151;158
151;159
151;160
151;161
151;162
151;163
151;164
151;165
151;166
151;167
151;168
151;169
151;170
151;171
151;172
151;173
151;174
151;175
151;176
151;177
151;178
151;182
151;183
151;184
151;185
151;186
151;187
151;188
151;189
151;190
151;191
151;192
151;193
151;194
151;195
151;196
151;197
151;198
151;199
152;0
152;1
152;2
152;3
152;4
152;5
152;6
152;7
152;8
152;9
152;10
152;11
152;12
152;13
152;14
152;15
152;16
152;17
152;18
152;19
152;20
152;21
152;22
152;23
152;24
152;25
152;51
152;52
152;53
152;54
152;55
152;56
152;57
152;58
152;59
152;60
152;61
152;62
152;63
152;64
152;65
152;66
152;67
152;68
152;69
152;70
152;71
152;142
152;143
152;144
152;145
152;146
152;147
152;148
152;149
152;150
152;151
152;152
152;153
152;154
152;155
152;156
152;157
152;158
152;159
152;160
152;161
152;162
152;163
152;164
152;165
152;166
152;167
152;168
152;169
152;170
152;171
152;172
152;173
152;174
152;175
152;176
152;177
152;178
152;184
152;185
152;186
152;187
152;188
152;189
152;190
152;191
152;192
152;193
152;194
152;195
152;196
152;197
152;198
152;199
153;0
153;1
153;2
153;3
153;4
153;5
153;6
153;7
153;8
153;9
153;10
153;11
153;12
153;13
153;14
153;15
153;16
153;17
153;18
153;19
153;20
153;21
153;22
153;23
153;24
153;25
153;52
153;53
153;54
153;55
153;56
153;57
153;58
153;59
153;60
153;61
153;62
153;63
153;64
153;65
153;66
153;67
153;68
153;69
153;70
153;71
153;142
153;143
153;144
153;145
153;146
153;147
153;148
153;149
153;150
153;151
153;152
153;153
153;154
153;155
153;156
153;157
153;158
153;159
153;160
153;161
153;162
153;163
153;164
153;165
153;166
153;167
153;168
153;169
153;170
153;171
153;172
153;173
153;174
153;175
153;176
153;177
153;185
153;186
153;187
153;188
153;189
153;190
153;191
153;192
153;193
153;194
153;195
153;196
153;197
153;198
153;199
154;0
154;1
154;2
154;3
154;4
154;5
154;6
154;7
154;8
154;9
154;10
154;11
154;12
154;13
154;14
154;15
154;16
154;17
154;18
154;19
154;20
154;21
154;22
154;23
154;24
154;25
154;53
154;54
154;55
154;56
154;57
154;58
154;59
154;60
154;61
154;62
154;63
154;64
154;65
154;66
154;67
154;68
154;69
154;70
154;143
154;144
154;145
154;146
154;147
154;148
154;149
154;150
154;151
154;152
154;153
154;154
154;155
154;156
154;157
154;158
154;159
154;160
154;161
154;162
154;163
154;164
154;165
154;166
154;167
154;168
154;169
154;170
154;171
154;172
154;173
154;174
154;175
154;176
154;177
154;186
154;187
154;188
154;189
154;190
154;191
154;192
154;193
154;194
154;195
154;196
154;197
154;198
154;199
155;0
155;1
155;2
155;3
155;4
155;5
155;6
155;7
155;8
155;9
155;10
155;11
155;12
155;13
155;14
155;15
155;16
155;17
155;18
155;19
155;20
155;21
155;22
155;23
155;24
155;55
155;56
155;57
155;58
155;59
155;60
155;61
155;62
155;63
155;64
155;65
155;66
155;67
155;68
155;69
155;143
155;144
155;145
155;146
155;147
155;148
155;149
155;150
155;151
155;152
155;153
155;154
155;155
155;156
155;157
155;158
155;159
155;160
155;161
155;162
155;163
155;164
155;165
155;166
155;167
155;168
155;169
155;170
155;171
155;172
155;173
155;174
155;175
155;176
155;177
155;178
155;188
155;189
155;190
155;191
155;192
155;193
155;194
155;195
155;196
155;197
155;198
155;199
156;0
156;1
156;2
156;3
156;4
156;5
156;6
156;7
156;8
156;9
156;10
156;11
156;12
156;13
156;14
156;15
156;16
156;17
156;18
156;19
156;20
156;21
156;22
156;23
156;24
156;56
156;57
156;58
156;59
156;60
156;61
156;62
156;63
156;64
156;65
156;66
156;67
156;68
156;144
156;145
156;146
156;147
156;148
156;149
156;150
156;151
156;152
156;153
156;154
156;155
156;156
156;157
156;158
156;159
156;160
156;161
156;162
156;163
156;164
156;165
156;166
156;167
156;168
156;169
156;170
156;171
156;172
156;173
156;174
156;175
156;176
156;177
156;178
156;179
156;191
156;192
156;193
156;194
156;195
156;196
156;197
156;198
156;199
157;0
157;1
157;2
157;3
157;4
157;5
157;6
157;7
157;8
157;9
157;10
157;11
157;12
157;13
157;14
157;15
157;16
157;17
157;18
157;19
157;20
157;21
157;22
157;23
157;57
157;58
157;59
157;60
157;61
157;62
157;63
157;64
157;65
157;66
157;67
157;68
157;145
157;146
157;147
157;148
157;149
157;150
157;151
157;152
157;153
157;154
157;155
157;156
157;157
157;158
157;159
157;160
157;161
157;162
157;163
157;164
157;165
157;166
157;167
157;168
157;169
157;170
157;171
157;172
157;173
157;174
157;175
157;176
157;177
157;178
157;179
158;0
158;1
158;2
158;3
158;4
158;5
158;6
158;7
158;8
158;9
158;10
158;11
158;12
158;13
158;14
158;15
158;16
158;17
158;18
158;19
158;20
158;21
158;22
158;23
158;59
158;60
158;61
158;62
158;63
158;64
158;65
158;66
158;67
158;145
158;146
158;147
158;148
158;149
158;150
158;151
158;152
158;153
158;154
158;155
158;156
158;157
158;158
158;159
158;160
158;161
158;162
158;163
158;164
158;165
158;166
158;167
158;168
158;169
158;170
158;171
158;172
158;173
158;174
158;175
158;176
158;177
158;178
158;179
159;0
159;1
159;2
159;3
159;4
159;5
159;6
159;7
159;8
159;9
159;10
159;11
159;12
159;13
159;14
159;15
159;16
159;17
159;18
159;19
159;20
159;21
159;22
159;60
159;61
159;62
159;63
159;64
159;65
159;66
159;146
159;147
159;148
159;149
159;150
159;151
159;152
159;153
159;154
159;155
159;156
159;157
159;158
159;159
159;160
159;161
159;162
159;163
159;164
159;165
159;166
159;167
159;168
159;169
159;170
159;171
159;172
159;173
159;174
159;175
159;176
159;177
159;178
159;179
159;180
160;0
160;1
160;2
160;3
160;4
160;5
160;6
160;7
160;8
160;9
160;10
160;11
160;12
160;13
160;14
160;15
160;16
160;17
160;18
160;19
160;20
160;21
160;61
160;62
160;63
160;64
160;65
160;147
160;148
160;149
160;150
160;151
160;152
160;153
160;154
160;155
160;156
160;157
160;158
160;159
160;160
160;161
160;162
160;163
160;164
160;165
160;166
160;167
160;168
160;169
160;170
160;171
160;172
160;173
160;174
160;175
160;176
160;177
160;178
160;179
160;180
161;1
161;2
161;3
161;4
161;5
161;6
161;7
161;8
161;9
161;10
161;11
161;12
161;13
161;14
161;15
161;16
161;17
161;18
161;19
161;20
161;63
161;64
161;65
161;148
161;149
161;150
161;151
161;152
161;153
161;154
161;155
161;156
161;157
161;158
161;159
161;160
161;161
161;162
161;163
161;164
161;165
161;166
161;167
161;168
161;169
161;170
161;171
161;172
161;173
161;174
161;175
161;176
161;177
161;178
161;179
161;180
162;2
162;3
162;4
162;5
162;6
162;7
162;8
162;9
162;10
162;11
162;12
162;13
162;14
162;15
162;16
162;17
162;18
162;19
162;64
162;150
162;151
162;152
162;153
162;154
162;155
162;156
162;157
162;158
162;159
162;160
162;161
162;162
162;163
162;164
162;165
162;166
162;167
162;168
162;169
162;170
162;171
162;172
162;173
162;174
162;175
162;176
162;177
162;178
162;179
162;180
163;4
163;5
163;6
163;7
163;8
163;9
163;10
163;11
163;12
163;13
163;14
163;15
163;16
163;17
163;151
163;152
163;153
163;154
163;155
163;156
163;157
163;158
163;159
163;160
163;161
163;162
163;163
163;164
163;165
163;166
163;167
163;168
163;169
163;170
163;171
163;172
163;173
163;174
163;175
163;176
163;177
163;178
163;179
163;180
164;6
164;7
164;8
164;9
164;10
164;11
164;12
164;13
164;14
164;15
164;152
164;153
164;154
164;155
164;156
164;157
164;158
164;159
164;160
164;161
164;162
164;163
164;164
164;165
164;166
164;167
164;168
164;169
164;170
164;171
164;172
164;173
164;174
164;175
164;176
164;177
164;178
164;179
164;180
165;152
165;153
165;154
165;155
165;156
165;157
165;158
165;159
165;160
165;161
165;162
165;163
165;164
165;165
165;166
165;167
165;168
165;169
165;170
165;171
165;172
165;173
165;174
165;175
165;176
165;177
165;178
165;179
165;180
166;152
166;153
166;154
166;155
166;156
166;157
166;158
166;159
166;160
166;161
166;162
166;163
166;164
166;165
166;166
166;167
166;168
166;169
166;170
166;171
166;172
166;173
166;174
166;175
166;176
166;177
166;178
166;179
166;180
167;153
167;154
167;155
167;156
167;157
167;158
167;159
167;160
167;161
167;162
167;163
167;164
167;165
167;166
167;167
167;168
167;169
167;170
167;171
167;172
167;173
167;174
167;175
167;176
167;177
167;178
167;179
167;180
168;86
168;153
168;154
168;155
168;156
168;157
168;158
168;159
168;160
168;161
168;162
168;163
168;164
168;165
168;166
168;167
168;168
168;169
168;170
168;171
168;172
168;173
168;174
168;175
168;176
168;177
168;178
168;179
168;180
169;86
169;87
169;88
169;89
169;90
169;153
169;154
169;155
169;156
169;157
169;158
169;159
169;160
169;161
169;162
169;163
169;164
169;165
169;166
169;167
169;168
169;169
169;170
169;171
169;172
169;173
169;174
169;175
169;176
169;177
169;178
169;179
170;86
170;87
170;88
170;89
170;90
170;91
170;92
170;93
170;94
170;154
170;155
170;156
170;157
170;158
170;159
170;160
170;161
170;162
170;163
170;164
170;165
170;166
170;167
170;168
170;169
170;170
170;171
170;172
170;173
170;174
170;175
170;176
170;177
170;178
170;179
171;86
171;87
171;88
171;89
171;90
171;91
171;92
171;93
171;94
171;95
171;96
171;97
171;98
171;155
171;156
171;157
171;158
171;159
171;160
171;161
171;162
171;163
171;164
171;165
171;166
171;167
171;168
171;169
171;170
171;171
171;172
171;173
171;174
171;175
171;176
171;177
171;178
172;87
172;88
172;89
172;90
172;91
172;92
172;93
172;94
172;95
172;96
172;97
172;98
172;99
172;100
172;101
172;102
172;155
172;156
172;157
172;158
172;159
172;160
172;161
172;162
172;163
172;164
172;165
172;166
172;167
172;168
172;169
172;170
172;171
172;172
172;173
172;174
172;175
172;176
172;177
173;87
173;88
173;89
173;90
173;91
173;92
173;93
173;94
173;95
173;96
173;97
173;98
173;99
173;100
173;101
173;102
173;103
173;104
173;105
173;156
173;157
173;158
173;159
173;160
173;161
173;162
173;163
173;164
173;165
173;166
173;167
173;168
173;169
173;170
173;171
173;172
173;173
173;174
173;175
173;176
173;177
174;87
174;88
174;89
174;90
174;91
174;92
174;93
174;94
174;95
174;96
174;97
174;98
174;99
174;100
174;101
174;102
174;103
174;104
174;105
174;106
174;107
174;108
174;109
174;157
174;158
174;159
174;160
174;161
174;162
174;163
174;164
174;165
174;166
174;167
174;168
174;169
174;170
174;171
174;172
174;173
174;174
174;175
174;176
175;88
175;89
175;90
175;91
175;92
175;93
175;94
175;95
175;96
175;97
175;98
175;99
175;100
175;101
175;102
175;103
175;104
175;105
175;106
175;107
175;108
175;109
175;110
175;111
175;112
175;113
175;158
175;159
175;160
175;161
175;162
175;163
175;164
175;165
175;166
175;167
175;168
175;169
175;170
175;171
175;172
175;173
175;174
176;88
176;89
176;90
176;91
176;92
176;93
176;94
176;95
176;96
176;97
176;98
176;99
176;100
176;101
176;102
176;103
176;104
176;105
176;106
176;107
176;108
176;109
176;110
176;111
176;112
176;113
176;114
176;115
176;116
176;117
176;160
176;161
176;162
176;163
176;164
176;165
176;166
176;167
176;168
176;169
176;170
176;171
176;172
176;173
177;88
177;89
177;90
177;91
177;92
177;93
177;94
177;95
177;96
177;97
177;98
177;99
177;100
177;101
177;102
177;103
177;104
177;105
177;106
177;107
177;108
177;109
177;110
177;111
177;112
177;113
177;114
177;115
177;116
177;117
177;118
177;119
177;120
177;121
177;162
177;163
177;164
177;165
177;166
177;167
177;168
177;169
177;170
178;88
178;89
178;90
178;91
178;92
178;93
178;94
178;95
178;96
178;97
178;98
178;99
178;100
178;101
178;102
178;103
178;104
178;105
178;106
178;107
178;108
178;109
178;110
178;111
178;112
178;113
178;114
178;115
178;116
178;117
178;118
178;119
178;120
178;121
178;122
178;123
178;124
179;89
179;90
179;91
179;92
179;93
179;94
179;95
179;96
179;97
179;98
179;99
179;100
179;101
179;102
179;103
179;104
179;105
179;106
179;107
179;108
179;109
179;110
179;111
179;112
179;113
179;114
179;115
179;116
179;117
179;118
179;119
179;120
179;121
179;122
179;123
179;124
179;125
180;89
180;90
180;91
180;92
180;93
180;94
180;95
180;96
180;97
180;98
180;99
180;100
180;101
180;102
180;103
180;104
180;105
180;106
180;107
180;108
180;109
180;110
180;111
180;112
180;113
180;114
180;115
180;116
180;117
180;118
180;119
180;120
180;121
180;122
180;123
180;124
181;89
181;90
181;91
181;92
181;93
181;94
181;95
181;96
181;97
181;98
181;99
181;100
181;101
181;102
181;103
181;104
181;105
181;106
181;107
181;108
181;109
181;110
181;111
181;112
181;113
181;114
181;115
181;116
181;117
181;118
181;119
181;120
181;121
181;122
181;123
182;89
182;90
182;91
182;92
182;93
182;94
182;95
182;96
182;97
182;98
182;99
182;100
182;101
182;102
182;103
182;104
182;105
182;106
182;107
182;108
182;109
182;110
182;111
182;112
182;113
182;114
182;115
182;116
182;117
182;118
182;119
182;120
182;121
182;122
183;90
183;91
183;92
183;93
183;94
183;95
183;96
183;97
183;98
183;99
183;100
183;101
183;102
183;103
183;104
183;105
183;106
183;107
183;108
183;109
183;110
183;111
183;112
183;113
183;114
183;115
183;116
183;117
183;118
183;119
183;120
183;121
183;137
183;138
183;139
184;90
184;91
184;92
184;93
184;94
184;95
184;96
184;97
184;98
184;99
184;100
184;101
184;102
184;103
184;104
184;105
184;106
184;107
184;108
184;109
184;110
184;111
184;112
184;113
184;114
184;115
184;116
184;117
184;118
184;119
184;120
184;135
184;136
184;137
184;138
184;139
185;90
185;91
185;92
185;93
185;94
185;95
185;96
185;97
185;98
185;99
185;100
185;101
185;102
185;103
185;104
185;105
185;106
185;107
185;108
185;109
185;110
185;111
185;112
185;113
185;114
185;115
185;116
185;117
185;118
185;119
185;133
185;134
185;135
185;136
185;137
185;138
185;139
185;140
186;91
186;92
186;93
186;94
186;95
186;96
186;97
186;98
186;99
186;100
186;101
186;102
186;103
186;104
186;105
186;106
186;107
186;108
186;109
186;110
186;111
186;112
186;113
186;114
186;115
186;116
186;117
186;118
186;131
186;132
186;133
186;134
186;135
186;136
186;137
186;138
186;139
186;140
187;91
187;92
187;93
187;94
187;95
187;96
187;97
187;98
187;99
187;100
187;101
187;102
187;103
187;104
187;105
187;106
187;107
187;108
187;109
187;110
187;111
187;112
187;113
187;114
187;115
187;116
187;117
187;129
187;130
187;131
187;132
187;133
187;134
187;135
187;136
187;137
187;138
187;139
187;140
187;141
188;91
188;92
188;93
188;94
188;95
188;96
188;97
188;98
188;99
188;100
188;101
188;102
188;103
188;104
188;105
188;106
188;107
188;108
188;109
188;110
188;111
188;112
188;113
188;114
188;115
188;116
188;127
188;128
188;129
188;130
188;131
188;132
188;133
188;134
188;135
188;136
188;137
188;138
188;139
188;140
188;141
189;91
189;92
189;93
189;94
189;95
189;96
189;97
189;98
189;99
189;100
189;101
189;102
189;103
189;104
189;105
189;106
189;107
189;108
189;109
189;110
189;111
189;112
189;113
189;114
189;115
189;125
189;126
189;127
189;128
189;129
189;130
189;131
189;132
189;133
189;134
189;135
189;136
189;137
189;138
189;139
189;140
189;141
189;142
190;92
190;93
190;94
190;95
190;96
190;97
190;98
190;99
190;100
190;101
190;102
190;103
190;104
190;105
190;106
190;107
190;108
190;109
190;110
190;111
190;112
190;113
190;114
190;123
190;124
190;125
190;126
190;127
190;128
190;129
190;130
190;131
190;132
190;133
190;134
190;135
190;136
190;137
190;138
190;139
190;140
190;141
190;142
191;92
191;93
191;94
191;95
191;96
191;97
191;98
191;99
191;100
191;101
191;102
191;103
191;104
191;105
191;106
191;107
191;108
191;109
191;110
191;111
191;112
191;113
191;123
191;124
191;125
191;126
191;127
191;128
191;129
191;130
191;131
191;132
191;133
191;134
191;135
191;136
191;137
191;138
191;139
191;140
191;141
191;142
191;143
192;92
192;93
192;94
192;95
192;96
192;97
192;98
192;99
192;100
192;101
192;102
192;103
192;104
192;105
192;106
192;107
192;108
192;109
192;110
192;111
192;112
192;123
192;124
192;125
192;126
192;127
192;128
192;129
192;130
192;131
192;132
192;133
192;134
192;135
192;136
192;137
192;138
192;139
192;140
192;141
192;142
192;143
193;92
193;93
193;94
193;95
193;96
193;97
193;98
193;99
193;100
193;101
193;102
193;103
193;104
193;105
193;106
193;107
193;108
193;109
193;110
193;111
193;124
193;125
193;126
193;127
193;128
193;129
193;130
193;131
193;132
193;133
193;134
193;135
193;136
193;137
193;138
193;139
193;140
193;141
193;142
193;143
193;144
194;93
194;94
194;95
194;96
194;97
194;98
194;99
194;100
194;101
194;102
194;103
194;104
194;105
194;106
194;107
194;108
194;109
194;110
194;124
194;125
194;126
194;127
194;128
194;129
194;130
194;131
194;132
194;133
194;134
194;135
194;136
194;137
194;138
194;139
194;140
194;141
194;142
194;143
194;144
195;93
195;94
195;95
195;96
195;97
195;98
195;99
195;100
195;101
195;102
195;103
195;104
195;105
195;106
195;107
195;108
195;109
195;125
195;126
195;127
195;128
195;129
195;130
195;131
195;132
195;133
195;134
195;135
195;136
195;137
195;138
195;139
195;140
195;141
195;142
195;143
195;144
195;145
196;93
196;94
196;95
196;96
196;97
196;98
196;99
196;100
196;101
196;102
196;103
196;104
196;105
196;106
196;107
196;108
196;125
196;126
196;127
196;128
196;129
196;130
196;131
196;132
196;133
196;134
196;135
196;136
196;137
196;138
196;139
196;140
196;141
196;142
196;143
196;144
196;145
197;94
197;95
197;96
197;97
197;98
197;99
197;100
197;101
197;102
197;103
197;104
197;105
197;106
197;107
197;126
197;127
197;128
197;129
197;130
197;131
197;132
197;133
197;134
197;135
197;136
197;137
197;138
197;139
197;140
197;141
197;142
197;143
197;144
197;145
197;146
198;94
198;95
198;96
198;97
198;98
198;99
198;100
198;101
198;102
198;103
198;104
198;105
198;106
198;126
198;127
198;128
198;129
198;130
198;131
198;132
198;133
198;134
198;135
198;136
198;137
198;138
198;139
198;140
198;141
198;142
198;143
198;144
198;145
198;146
199;94
199;95
199;96
199;97
199;98
199;99
199;100
199;101
199;102
199;103
199;104
199;105
199;127
199;128
199;129
199;130
199;131
199;132
199;133
199;134
199;135
199;136
199;137
199;138
199;139
199;140
199;141
199;142
199;143
199;144
199;145
199;146
