93;107;36;72;60;74
0;3
0;4
0;5
0;6
0;7
0;8
0;9
0;10
0;59
0;60
0;61
0;62
0;63
0;64
0;65
0;66
0;67
0;68
0;69
0;70
0;71
0;72
0;81
0;83
0;85
0;87
1;0
1;1
1;2
1;3
1;4
1;5
1;6
1;7
1;8
1;9
1;10
1;11
1;59
1;60
1;61
1;62
1;63
1;64
1;65
1;66
1;67
1;68
1;69
1;70
1;71
1;80
1;81
1;82
1;83
1;84
1;85
1;86
2;0
2;1
2;2
2;3
2;4
2;5
2;6
2;7
2;8
2;9
2;10
2;11
2;58
2;59
2;60
2;61
2;62
2;63
2;64
2;65
2;66
2;67
2;68
2;69
2;70
2;80
2;81
2;82
2;83
2;84
2;85
2;86
3;0
3;1
3;2
3;3
3;4
3;5
3;6
3;7
3;8
3;9
3;10
3;11
3;58
3;59
3;60
3;61
3;62
3;63
3;64
3;65
3;66
3;67
3;68
3;69
3;70
3;80
3;81
3;82
3;83
3;84
3;85
3;86
4;0
4;1
4;2
4;3
4;4
4;5
4;6
4;7
4;8
4;9
4;10
4;11
4;12
4;57
4;58
4;59
4;60
4;61
4;62
4;63
4;64
4;65
4;66
4;67
4;68
4;69
4;70
4;80
4;81
4;82
4;83
4;84
4;85
4;86
5;0
5;1
5;2
5;3
5;4
5;5
5;6
5;7
5;8
5;9
5;10
5;11
5;12
5;58
5;59
5;60
5;61
5;62
5;63
5;64
5;65
5;66
5;67
5;68
5;69
5;80
5;81
5;82
5;83
5;84
5;85
5;86
6;0
6;1
6;2
6;3
6;4
6;5
6;6
6;7
6;8
6;9
6;10
6;11
6;12
6;60
6;61
6;62
6;63
6;64
6;65
6;66
6;67
6;68
6;80
6;81
6;82
6;83
6;84
6;85
6;86
7;1
7;2
7;3
7;4
7;5
7;6
7;7
7;8
7;9
7;10
7;11
7;12
7;13
7;62
7;63
7;64
7;65
7;66
7;67
7;68
7;84
7;86
8;1
8;2
8;3
8;4
8;5
8;6
8;7
8;8
8;9
8;10
8;11
8;12
8;13
8;64
8;66
8;67
8;68
9;2
9;3
9;4
9;5
9;6
9;7
9;8
9;9
9;10
10;2
10;3
10;4
10;5
10;6
11;2
11;4
14;15
14;17
15;13
15;14
15;15
15;16
15;17
15;18
16;13
16;14
16;15
16;16
16;17
16;18
16;19
17;13
17;14
17;15
17;16
17;17
17;18
17;19
18;13
18;14
18;15
18;16
18;17
18;18
18;19
19;13
19;14
19;15
19;16
19;17
19;18
20;14
20;15
20;16
20;17
20;18
22;49
22;51
23;45
23;46
23;47
23;48
23;49
23;50
23;51
23;52
23;53
24;43
24;44
24;45
24;46
24;47
24;48
24;49
24;50
24;51
24;52
24;53
24;54
24;55
25;43
25;44
25;45
25;46
25;47
25;48
25;49
25;50
25;51
25;52
25;53
25;54
25;55
26;42
26;43
26;44
26;45
26;46
26;47
26;48
26;49
26;50
26;51
26;52
26;53
26;54
26;55
26;56
27;41
27;42
27;43
27;44
27;45
27;46
27;47
27;48
27;49
27;50
27;51
27;52
27;53
27;54
27;55
27;56
27;57
28;41
28;42
28;43
28;44
28;45
28;46
28;47
28;48
28;49
28;50
28;51
28;52
28;53
28;54
28;55
28;56
28;57
29;41
29;42
29;43
29;44
29;45
29;46
29;47
29;48
29;49
29;50
29;51
29;52
29;53
29;54
29;55
29;56
29;57
30;41
30;42
30;43
30;44
30;45
30;46
30;47
30;48
30;49
30;50
30;51
30;52
30;53
30;54
30;55
30;56
30;57
31;41
31;42
31;43
31;44
31;45
31;46
31;47
31;48
31;49
31;50
31;51
31;52
31;53
31;54
31;55
31;56
31;57
32;41
32;42
32;43
32;44
32;45
32;46
32;47
32;48
32;49
32;50
32;51
32;52
32;53
32;54
32;55
32;56
32;57
33;33
33;42
33;43
33;44
33;45
33;46
33;47
33;48
33;49
33;50
33;51
33;52
33;53
33;54
33;55
33;56
33;57
34;33
34;34
34;35
34;42
34;43
34;44
34;45
34;46
34;47
34;48
34;49
34;50
34;51
34;52
34;53
34;54
34;55
34;56
35;32
35;33
35;34
35;35
35;43
35;44
35;45
35;46
35;47
35;48
35;49
35;50
35;51
35;52
35;53
35;54
35;55
36;31
36;32
36;33
36;34
36;35
36;36
36;37
36;44
36;45
36;46
36;47
36;48
36;49
36;50
36;51
36;52
36;53
36;54
37;30
37;31
37;32
37;33
37;34
37;35
37;36
37;37
37;38
37;39
37;46
37;47
37;48
37;49
37;50
37;51
37;52
38;29
38;30
38;31
38;32
38;33
38;34
38;35
38;36
38;37
38;38
38;39
38;40
38;41
39;29
39;30
39;31
39;32
39;33
39;34
39;35
39;36
39;37
39;38
39;39
39;40
39;41
39;42
39;43
39;63
39;65
39;67
39;68
39;69
40;27
40;28
40;29
40;30
40;31
40;32
40;33
40;34
40;35
40;36
40;37
40;38
40;39
40;40
40;41
40;42
40;43
40;57
40;59
40;60
40;61
40;62
40;63
40;64
40;65
40;66
40;67
40;68
40;69
41;27
41;28
41;29
41;30
41;31
41;32
41;33
41;34
41;35
41;36
41;37
41;38
41;39
41;40
41;41
41;42
41;43
41;44
41;45
41;56
41;57
41;58
41;59
41;60
41;61
41;62
41;63
41;64
41;65
41;66
41;67
41;68
41;69
42;26
42;27
42;28
42;29
42;30
42;31
42;32
42;33
42;34
42;35
42;36
42;37
42;38
42;39
42;40
42;41
42;42
42;43
42;44
42;45
42;46
42;57
42;58
42;59
42;60
42;61
42;62
42;63
42;64
42;65
42;66
42;67
42;68
42;69
43;25
43;26
43;27
43;28
43;29
43;30
43;31
43;32
43;33
43;34
43;35
43;36
43;37
43;38
43;39
43;40
43;41
43;42
43;43
43;44
43;45
43;57
43;58
43;59
43;60
43;61
43;62
43;63
43;64
43;65
43;66
43;67
43;68
43;69
43;70
43;85
43;86
44;24
44;25
44;26
44;27
44;28
44;29
44;30
44;31
44;32
44;33
44;34
44;35
44;36
44;37
44;38
44;39
44;40
44;41
44;42
44;43
44;44
44;57
44;58
44;59
44;60
44;61
44;62
44;63
44;64
44;65
44;66
44;67
44;68
44;69
44;70
44;81
44;82
44;83
44;84
44;85
44;86
45;24
45;25
45;26
45;27
45;28
45;29
45;30
45;31
45;32
45;33
45;34
45;35
45;36
45;37
45;38
45;39
45;40
45;41
45;42
45;43
45;57
45;58
45;59
45;60
45;61
45;62
45;63
45;64
45;65
45;66
45;67
45;68
45;69
45;70
45;77
45;78
45;79
45;80
45;81
45;82
45;83
45;84
45;85
45;86
45;87
46;26
46;27
46;28
46;29
46;30
46;31
46;32
46;33
46;34
46;35
46;36
46;37
46;38
46;39
46;40
46;41
46;42
46;57
46;58
46;59
46;60
46;61
46;62
46;63
46;64
46;65
46;66
46;67
46;68
46;69
46;70
46;73
46;75
46;76
46;77
46;78
46;79
46;80
46;81
46;82
46;83
46;84
46;85
46;86
46;87
47;1
47;3
47;5
47;7
47;9
47;11
47;28
47;29
47;30
47;31
47;32
47;33
47;34
47;35
47;36
47;37
47;38
47;39
47;40
47;41
47;42
47;57
47;58
47;59
47;60
47;61
47;62
47;63
47;64
47;65
47;66
47;67
47;68
47;69
47;70
47;71
47;72
47;73
47;74
47;75
47;76
47;77
47;78
47;79
47;80
47;81
47;82
47;83
47;84
47;85
47;86
47;87
48;0
48;1
48;2
48;3
48;4
48;5
48;6
48;7
48;8
48;9
48;10
48;29
48;30
48;31
48;32
48;33
48;34
48;35
48;36
48;37
48;38
48;39
48;40
48;58
48;59
48;60
48;61
48;62
48;63
48;64
48;65
48;66
48;67
48;68
48;69
48;70
48;71
48;72
48;73
48;74
48;75
48;76
48;77
48;78
48;79
48;80
48;81
48;82
48;83
48;84
48;85
48;86
48;87
48;88
49;0
49;1
49;2
49;3
49;4
49;5
49;6
49;7
49;8
49;9
49;10
49;30
49;31
49;32
49;33
49;34
49;35
49;36
49;37
49;38
49;39
49;40
49;58
49;59
49;60
49;61
49;62
49;63
49;64
49;65
49;66
49;67
49;68
49;69
49;70
49;71
49;72
49;73
49;74
49;75
49;76
49;77
49;78
49;79
49;80
49;81
49;82
49;83
49;84
49;85
49;86
49;87
49;88
50;0
50;1
50;2
50;3
50;4
50;5
50;6
50;7
50;8
50;9
50;32
50;33
50;34
50;35
50;36
50;37
50;38
50;39
50;58
50;59
50;60
50;61
50;62
50;63
50;64
50;65
50;66
50;67
50;68
50;69
50;70
50;71
50;72
50;73
50;74
50;75
50;76
50;77
50;78
50;79
50;80
50;81
50;82
50;83
50;84
50;85
50;86
50;87
50;88
51;0
51;1
51;2
51;3
51;4
51;5
51;6
51;7
51;8
51;34
51;35
51;36
51;37
51;38
51;58
51;59
51;60
51;61
51;62
51;64
51;66
51;72
51;73
51;74
51;75
51;76
51;77
51;78
51;79
51;80
51;81
51;82
51;83
51;84
51;85
51;86
51;87
51;88
51;89
52;0
52;1
52;2
52;3
52;4
52;5
52;6
52;7
52;8
52;36
52;37
52;58
52;72
52;73
52;74
52;75
52;76
52;77
52;78
52;79
52;80
52;81
52;82
52;83
52;84
52;85
52;86
52;87
52;88
52;89
53;0
53;1
53;2
53;3
53;4
53;5
53;6
53;7
53;36
53;72
53;73
53;74
53;75
53;76
53;77
53;78
53;79
53;80
53;81
53;82
53;83
53;84
53;85
53;86
53;87
53;88
53;89
54;0
54;1
54;2
54;3
54;4
54;5
54;6
54;73
54;74
54;75
54;76
54;77
54;78
54;79
54;80
54;81
54;82
54;83
54;84
54;85
54;86
54;87
54;88
54;89
54;90
55;0
55;1
55;2
55;3
55;4
55;5
55;6
55;73
55;74
55;75
55;76
55;77
55;78
55;79
55;80
55;81
55;82
55;83
55;84
55;85
55;86
55;87
55;88
55;89
55;90
56;0
56;1
56;2
56;3
56;4
56;5
56;73
56;74
56;75
56;76
56;77
56;78
56;79
56;80
56;81
56;82
56;83
56;84
56;85
56;86
56;87
56;88
56;89
56;90
56;91
57;0
57;1
57;2
57;3
57;4
57;74
57;75
57;76
57;77
57;78
57;79
57;80
57;81
57;82
57;83
57;84
57;85
57;86
57;87
57;88
57;89
57;90
58;0
58;1
58;2
58;3
58;4
58;74
58;75
58;76
58;77
58;78
58;79
58;80
58;81
58;82
58;83
58;84
58;85
58;86
58;88
59;0
59;1
59;2
59;3
59;74
59;75
59;76
59;77
59;78
59;79
59;80
59;81
59;82
59;84
60;0
60;1
60;2
60;75
60;76
60;77
60;78
60;80
61;1
61;2
61;76
74;77
75;39
75;41
75;75
75;76
75;77
76;35
76;36
76;37
76;38
76;39
76;40
76;41
76;42
76;43
76;73
76;74
76;75
76;76
76;77
77;34
77;35
77;36
77;37
77;38
77;39
77;40
77;41
77;42
77;43
77;44
77;45
77;59
77;60
77;61
77;73
77;74
77;75
77;76
77;77
77;78
78;33
78;34
78;35
78;36
78;37
78;38
78;39
78;40
78;41
78;42
78;43
78;44
78;45
78;46
78;47
78;57
78;58
78;59
78;60
78;61
78;71
78;72
78;73
78;74
78;75
78;76
78;77
78;78
79;32
79;33
79;34
79;35
79;36
79;37
79;38
79;39
79;40
79;41
79;42
79;43
79;44
79;45
79;46
79;47
79;53
79;54
79;55
79;56
79;57
79;58
79;59
79;60
79;61
79;69
79;70
79;71
79;72
79;73
79;74
79;75
79;76
79;77
79;78
80;31
80;32
80;33
80;34
80;35
80;36
80;37
80;38
80;39
80;40
80;41
80;42
80;43
80;44
80;45
80;46
80;47
80;48
80;49
80;51
80;52
80;53
80;54
80;55
80;56
80;57
80;58
80;59
80;60
80;65
80;67
80;68
80;69
80;70
80;71
80;72
80;73
80;74
80;75
80;76
80;77
80;78
81;31
81;32
81;33
81;34
81;35
81;36
81;37
81;38
81;39
81;40
81;41
81;42
81;43
81;44
81;45
81;46
81;47
81;48
81;49
81;50
81;51
81;52
81;53
81;54
81;55
81;56
81;57
81;58
81;59
81;60
81;65
81;66
81;67
81;68
81;69
81;70
81;71
81;72
81;73
81;74
81;75
81;76
81;77
81;78
82;31
82;32
82;33
82;34
82;35
82;36
82;37
82;38
82;39
82;40
82;41
82;42
82;43
82;44
82;45
82;46
82;47
82;48
82;49
82;50
82;51
82;52
82;53
82;54
82;55
82;56
82;57
82;58
82;59
82;60
82;63
82;64
82;65
82;66
82;67
82;68
82;69
82;70
82;71
82;72
82;73
82;74
82;75
82;76
82;77
82;78
83;30
83;31
83;32
83;33
83;34
83;35
83;36
83;37
83;38
83;39
83;40
83;41
83;42
83;43
83;44
83;45
83;46
83;47
83;48
83;49
83;50
83;51
83;52
83;53
83;54
83;55
83;56
83;57
83;58
83;59
83;60
83;63
83;64
83;65
83;66
83;67
83;68
83;69
83;70
83;71
83;72
83;73
83;74
83;75
83;76
83;77
83;78
84;30
84;31
84;32
84;33
84;34
84;35
84;36
84;37
84;38
84;39
84;40
84;41
84;42
84;43
84;44
84;45
84;46
84;47
84;48
84;49
84;50
84;51
84;52
84;53
84;54
84;55
84;56
84;57
84;58
84;59
84;60
84;61
84;62
84;63
84;64
84;65
84;66
84;67
84;68
84;69
84;70
84;71
84;72
84;73
84;74
84;75
84;76
84;77
84;78
84;83
84;85
84;87
84;88
84;89
85;31
85;32
85;33
85;34
85;35
85;36
85;37
85;38
85;39
85;40
85;41
85;42
85;43
85;44
85;45
85;46
85;47
85;48
85;49
85;52
85;53
85;54
85;55
85;56
85;57
85;58
85;59
85;60
85;61
85;62
85;63
85;64
85;65
85;66
85;67
85;68
85;69
85;70
85;71
85;72
85;73
85;74
85;75
85;76
85;77
85;78
85;79
85;80
85;81
85;82
85;83
85;84
85;85
85;86
85;87
85;88
85;89
86;31
86;32
86;33
86;34
86;35
86;36
86;37
86;38
86;39
86;40
86;41
86;42
86;43
86;44
86;45
86;46
86;47
86;48
86;52
86;53
86;54
86;55
86;56
86;57
86;58
86;59
86;60
86;61
86;62
86;63
86;64
86;65
86;66
86;67
86;68
86;69
86;70
86;71
86;72
86;73
86;74
86;75
86;76
86;77
86;78
86;79
86;80
86;81
86;82
86;83
86;84
86;85
86;86
86;87
86;88
87;32
87;33
87;34
87;35
87;36
87;37
87;38
87;39
87;40
87;41
87;42
87;43
87;44
87;45
87;46
87;47
87;48
87;54
87;55
87;56
87;57
87;58
87;59
87;64
87;66
87;67
87;68
87;69
87;70
87;71
87;72
87;73
87;74
87;75
87;76
87;77
87;78
87;79
87;80
87;81
87;82
87;83
87;84
87;85
87;86
87;87
87;88
88;3
88;5
88;32
88;33
88;34
88;35
88;36
88;37
88;38
88;39
88;40
88;41
88;42
88;43
88;44
88;45
88;46
88;47
88;48
88;56
88;57
88;58
88;59
88;68
88;69
88;70
88;71
88;72
88;73
88;74
88;75
88;76
88;77
88;78
88;79
88;80
88;81
88;82
88;83
88;84
88;85
88;86
88;87
89;1
89;2
89;3
89;4
89;5
89;6
89;33
89;34
89;35
89;36
89;37
89;38
89;39
89;40
89;41
89;42
89;43
89;44
89;45
89;46
89;57
89;58
89;59
89;70
89;72
89;73
89;74
89;75
89;76
89;77
89;78
89;79
89;80
89;81
89;82
89;83
89;84
89;85
89;86
90;0
90;1
90;2
90;3
90;4
90;5
90;6
90;7
90;34
90;35
90;36
90;37
90;38
90;39
90;40
90;41
90;42
90;43
90;44
90;45
90;46
90;58
90;74
90;75
90;76
90;77
90;78
90;79
90;80
90;81
90;82
90;83
90;84
90;85
90;86
91;0
91;1
91;2
91;3
91;4
91;5
91;6
91;7
91;36
91;37
91;38
91;39
91;40
91;41
91;42
91;43
91;44
91;76
91;77
91;78
91;79
91;82
91;83
91;84
91;85
91;86
92;0
92;1
92;2
92;3
92;4
92;5
92;6
92;7
92;8
92;40
92;78
92;79
92;82
92;83
92;84
92;85
