100;100;38;67;64;68
0;4
0;5
0;6
0;7
0;8
0;9
0;55
0;56
0;57
0;58
0;59
0;60
0;61
0;62
0;63
0;64
0;65
0;66
0;67
1;1
1;2
1;3
1;4
1;5
1;6
1;7
1;8
1;9
1;10
1;55
1;56
1;57
1;58
1;59
1;60
1;61
1;62
1;63
1;64
1;65
1;66
1;74
1;75
1;76
1;77
1;78
1;79
1;80
1;81
2;0
2;1
2;2
2;3
2;4
2;5
2;6
2;7
2;8
2;9
2;10
2;55
2;56
2;57
2;58
2;59
2;60
2;61
2;62
2;63
2;64
2;65
2;66
2;74
2;75
2;76
2;77
2;78
2;79
2;80
2;81
3;0
3;1
3;2
3;3
3;4
3;5
3;6
3;7
3;8
3;9
3;10
3;54
3;55
3;56
3;57
3;58
3;59
3;60
3;61
3;62
3;63
3;64
3;65
3;74
3;75
3;76
3;77
3;78
3;79
3;80
3;81
4;0
4;1
4;2
4;3
4;4
4;5
4;6
4;7
4;8
4;9
4;10
4;11
4;54
4;55
4;56
4;57
4;58
4;59
4;60
4;61
4;62
4;63
4;64
4;65
4;74
4;75
4;76
4;77
4;78
4;79
4;80
5;0
5;1
5;2
5;3
5;4
5;5
5;6
5;7
5;8
5;9
5;10
5;11
5;53
5;54
5;55
5;56
5;57
5;58
5;59
5;60
5;61
5;62
5;63
5;64
5;65
5;74
5;75
5;76
5;77
5;78
5;79
5;80
6;0
6;1
6;2
6;3
6;4
6;5
6;6
6;7
6;8
6;9
6;10
6;11
6;54
6;55
6;56
6;57
6;58
6;59
6;60
6;61
6;62
6;63
6;64
6;74
6;75
6;76
6;77
6;78
6;79
6;80
7;1
7;2
7;3
7;4
7;5
7;6
7;7
7;8
7;9
7;10
7;11
7;12
7;56
7;57
7;58
7;59
7;60
7;61
7;62
7;63
7;64
7;74
7;75
7;76
7;77
7;78
7;79
7;80
8;1
8;2
8;3
8;4
8;5
8;6
8;7
8;8
8;9
8;10
8;11
8;12
8;59
8;60
8;61
8;62
8;63
9;1
9;2
9;3
9;4
9;5
9;6
9;7
9;8
9;9
9;10
9;11
9;12
9;61
9;62
9;63
10;2
10;3
10;4
10;5
10;6
10;7
10;8
10;9
11;2
11;3
11;4
11;5
11;6
12;2
12;3
16;13
16;14
16;15
16;16
16;17
17;12
17;13
17;14
17;15
17;16
17;17
18;12
18;13
18;14
18;15
18;16
18;17
18;18
19;12
19;13
19;14
19;15
19;16
19;17
19;18
20;12
20;13
20;14
20;15
20;16
20;17
20;18
21;13
21;14
21;15
21;16
21;17
22;14
22;15
22;16
25;42
25;43
25;44
25;45
25;46
25;47
25;48
25;49
26;41
26;42
26;43
26;44
26;45
26;46
26;47
26;48
26;49
26;50
26;51
27;40
27;41
27;42
27;43
27;44
27;45
27;46
27;47
27;48
27;49
27;50
27;51
27;52
28;39
28;40
28;41
28;42
28;43
28;44
28;45
28;46
28;47
28;48
28;49
28;50
28;51
28;52
29;39
29;40
29;41
29;42
29;43
29;44
29;45
29;46
29;47
29;48
29;49
29;50
29;51
29;52
29;53
30;38
30;39
30;40
30;41
30;42
30;43
30;44
30;45
30;46
30;47
30;48
30;49
30;50
30;51
30;52
30;53
31;38
31;39
31;40
31;41
31;42
31;43
31;44
31;45
31;46
31;47
31;48
31;49
31;50
31;51
31;52
31;53
32;38
32;39
32;40
32;41
32;42
32;43
32;44
32;45
32;46
32;47
32;48
32;49
32;50
32;51
32;52
32;53
32;54
33;38
33;39
33;40
33;41
33;42
33;43
33;44
33;45
33;46
33;47
33;48
33;49
33;50
33;51
33;52
33;53
33;54
34;38
34;39
34;40
34;41
34;42
34;43
34;44
34;45
34;46
34;47
34;48
34;49
34;50
34;51
34;52
34;53
35;38
35;39
35;40
35;41
35;42
35;43
35;44
35;45
35;46
35;47
35;48
35;49
35;50
35;51
35;52
35;53
36;31
36;39
36;40
36;41
36;42
36;43
36;44
36;45
36;46
36;47
36;48
36;49
36;50
36;51
36;52
36;53
37;31
37;32
37;39
37;40
37;41
37;42
37;43
37;44
37;45
37;46
37;47
37;48
37;49
37;50
37;51
37;52
38;30
38;31
38;32
38;33
38;34
38;40
38;41
38;42
38;43
38;44
38;45
38;46
38;47
38;48
38;49
38;50
38;51
39;29
39;30
39;31
39;32
39;33
39;34
39;35
39;41
39;42
39;43
39;44
39;45
39;46
39;47
39;48
39;49
39;50
40;28
40;29
40;30
40;31
40;32
40;33
40;34
40;35
40;36
40;43
40;44
40;45
40;46
40;47
40;48
40;49
41;28
41;29
41;30
41;31
41;32
41;33
41;34
41;35
41;36
41;37
41;38
42;27
42;28
42;29
42;30
42;31
42;32
42;33
42;34
42;35
42;36
42;37
42;38
42;39
42;62
42;63
42;64
43;26
43;27
43;28
43;29
43;30
43;31
43;32
43;33
43;34
43;35
43;36
43;37
43;38
43;39
43;40
43;55
43;56
43;57
43;58
43;59
43;60
43;61
43;62
43;63
43;64
44;25
44;26
44;27
44;28
44;29
44;30
44;31
44;32
44;33
44;34
44;35
44;36
44;37
44;38
44;39
44;40
44;41
44;42
44;53
44;54
44;55
44;56
44;57
44;58
44;59
44;60
44;61
44;62
44;63
44;64
44;65
45;25
45;26
45;27
45;28
45;29
45;30
45;31
45;32
45;33
45;34
45;35
45;36
45;37
45;38
45;39
45;40
45;41
45;42
45;43
45;53
45;54
45;55
45;56
45;57
45;58
45;59
45;60
45;61
45;62
45;63
45;64
45;65
46;24
46;25
46;26
46;27
46;28
46;29
46;30
46;31
46;32
46;33
46;34
46;35
46;36
46;37
46;38
46;39
46;40
46;41
46;42
46;53
46;54
46;55
46;56
46;57
46;58
46;59
46;60
46;61
46;62
46;63
46;64
46;65
47;23
47;24
47;25
47;26
47;27
47;28
47;29
47;30
47;31
47;32
47;33
47;34
47;35
47;36
47;37
47;38
47;39
47;40
47;41
47;42
47;53
47;54
47;55
47;56
47;57
47;58
47;59
47;60
47;61
47;62
47;63
47;64
47;65
47;78
47;79
47;80
48;22
48;23
48;24
48;25
48;26
48;27
48;28
48;29
48;30
48;31
48;32
48;33
48;34
48;35
48;36
48;37
48;38
48;39
48;40
48;41
48;53
48;54
48;55
48;56
48;57
48;58
48;59
48;60
48;61
48;62
48;63
48;64
48;65
48;74
48;75
48;76
48;77
48;78
48;79
48;80
49;23
49;24
49;25
49;26
49;27
49;28
49;29
49;30
49;31
49;32
49;33
49;34
49;35
49;36
49;37
49;38
49;39
49;40
49;53
49;54
49;55
49;56
49;57
49;58
49;59
49;60
49;61
49;62
49;63
49;64
49;65
49;71
49;72
49;73
49;74
49;75
49;76
49;77
49;78
49;79
49;80
49;81
50;25
50;26
50;27
50;28
50;29
50;30
50;31
50;32
50;33
50;34
50;35
50;36
50;37
50;38
50;39
50;53
50;54
50;55
50;56
50;57
50;58
50;59
50;60
50;61
50;62
50;63
50;64
50;65
50;68
50;69
50;70
50;71
50;72
50;73
50;74
50;75
50;76
50;77
50;78
50;79
50;80
50;81
51;0
51;1
51;2
51;3
51;4
51;5
51;6
51;7
51;8
51;9
51;10
51;26
51;27
51;28
51;29
51;30
51;31
51;32
51;33
51;34
51;35
51;36
51;37
51;38
51;39
51;54
51;55
51;56
51;57
51;58
51;59
51;60
51;61
51;62
51;63
51;64
51;65
51;66
51;67
51;68
51;69
51;70
51;71
51;72
51;73
51;74
51;75
51;76
51;77
51;78
51;79
51;80
51;81
52;0
52;1
52;2
52;3
52;4
52;5
52;6
52;7
52;8
52;9
52;10
52;27
52;28
52;29
52;30
52;31
52;32
52;33
52;34
52;35
52;36
52;37
52;38
52;54
52;55
52;56
52;57
52;58
52;59
52;60
52;61
52;62
52;63
52;64
52;65
52;66
52;67
52;68
52;69
52;70
52;71
52;72
52;73
52;74
52;75
52;76
52;77
52;78
52;79
52;80
52;81
52;82
53;0
53;1
53;2
53;3
53;4
53;5
53;6
53;7
53;8
53;9
53;29
53;30
53;31
53;32
53;33
53;34
53;35
53;36
53;37
53;54
53;55
53;56
53;57
53;58
53;59
53;60
53;61
53;62
53;63
53;64
53;65
53;66
53;67
53;68
53;69
53;70
53;71
53;72
53;73
53;74
53;75
53;76
53;77
53;78
53;79
53;80
53;81
53;82
54;0
54;1
54;2
54;3
54;4
54;5
54;6
54;7
54;8
54;9
54;30
54;31
54;32
54;33
54;34
54;35
54;36
54;54
54;55
54;56
54;57
54;58
54;59
54;60
54;61
54;62
54;63
54;64
54;65
54;66
54;67
54;68
54;69
54;70
54;71
54;72
54;73
54;74
54;75
54;76
54;77
54;78
54;79
54;80
54;81
54;82
55;0
55;1
55;2
55;3
55;4
55;5
55;6
55;7
55;8
55;31
55;32
55;33
55;34
55;35
55;36
55;54
55;55
55;56
55;57
55;58
55;59
55;60
55;61
55;67
55;68
55;69
55;70
55;71
55;72
55;73
55;74
55;75
55;76
55;77
55;78
55;79
55;80
55;81
55;82
55;83
56;0
56;1
56;2
56;3
56;4
56;5
56;6
56;7
56;33
56;34
56;35
56;54
56;67
56;68
56;69
56;70
56;71
56;72
56;73
56;74
56;75
56;76
56;77
56;78
56;79
56;80
56;81
56;82
56;83
57;0
57;1
57;2
57;3
57;4
57;5
57;6
57;7
57;34
57;67
57;68
57;69
57;70
57;71
57;72
57;73
57;74
57;75
57;76
57;77
57;78
57;79
57;80
57;81
57;82
57;83
58;0
58;1
58;2
58;3
58;4
58;5
58;6
58;68
58;69
58;70
58;71
58;72
58;73
58;74
58;75
58;76
58;77
58;78
58;79
58;80
58;81
58;82
58;83
58;84
59;0
59;1
59;2
59;3
59;4
59;5
59;6
59;68
59;69
59;70
59;71
59;72
59;73
59;74
59;75
59;76
59;77
59;78
59;79
59;80
59;81
59;82
59;83
59;84
60;0
60;1
60;2
60;3
60;4
60;5
60;68
60;69
60;70
60;71
60;72
60;73
60;74
60;75
60;76
60;77
60;78
60;79
60;80
60;81
60;82
60;83
60;84
61;0
61;1
61;2
61;3
61;4
61;69
61;70
61;71
61;72
61;73
61;74
61;75
61;76
61;77
61;78
61;79
61;80
61;81
61;82
61;83
61;84
62;0
62;1
62;2
62;3
62;4
62;69
62;70
62;71
62;72
62;73
62;74
62;75
62;76
62;77
62;78
62;79
62;80
62;81
62;82
62;83
63;0
63;1
63;2
63;3
63;69
63;70
63;71
63;72
63;73
63;74
63;75
63;76
63;77
63;78
63;79
63;80
64;0
64;1
64;2
64;3
64;70
64;71
64;72
64;73
64;74
64;75
64;76
65;1
65;2
65;70
65;71
65;72
65;73
66;1
66;70
80;72
81;36
81;37
81;38
81;70
81;71
81;72
82;33
82;34
82;35
82;36
82;37
82;38
82;39
82;40
82;41
82;69
82;70
82;71
82;72
83;32
83;33
83;34
83;35
83;36
83;37
83;38
83;39
83;40
83;41
83;42
83;56
83;57
83;67
83;68
83;69
83;70
83;71
83;72
84;31
84;32
84;33
84;34
84;35
84;36
84;37
84;38
84;39
84;40
84;41
84;42
84;43
84;53
84;54
84;55
84;56
84;57
84;66
84;67
84;68
84;69
84;70
84;71
84;72
85;30
85;31
85;32
85;33
85;34
85;35
85;36
85;37
85;38
85;39
85;40
85;41
85;42
85;43
85;44
85;50
85;51
85;52
85;53
85;54
85;55
85;56
85;57
85;65
85;66
85;67
85;68
85;69
85;70
85;71
85;72
86;29
86;30
86;31
86;32
86;33
86;34
86;35
86;36
86;37
86;38
86;39
86;40
86;41
86;42
86;43
86;44
86;45
86;48
86;49
86;50
86;51
86;52
86;53
86;54
86;55
86;56
86;63
86;64
86;65
86;66
86;67
86;68
86;69
86;70
86;71
86;72
86;73
87;29
87;30
87;31
87;32
87;33
87;34
87;35
87;36
87;37
87;38
87;39
87;40
87;41
87;42
87;43
87;44
87;45
87;46
87;47
87;48
87;49
87;50
87;51
87;52
87;53
87;54
87;55
87;56
87;60
87;61
87;62
87;63
87;64
87;65
87;66
87;67
87;68
87;69
87;70
87;71
87;72
87;73
88;29
88;30
88;31
88;32
88;33
88;34
88;35
88;36
88;37
88;38
88;39
88;40
88;41
88;42
88;43
88;44
88;45
88;46
88;47
88;48
88;49
88;50
88;51
88;52
88;53
88;54
88;55
88;56
88;60
88;61
88;62
88;63
88;64
88;65
88;66
88;67
88;68
88;69
88;70
88;71
88;72
88;73
89;29
89;30
89;31
89;32
89;33
89;34
89;35
89;36
89;37
89;38
89;39
89;40
89;41
89;42
89;43
89;44
89;45
89;46
89;47
89;48
89;49
89;50
89;51
89;52
89;53
89;54
89;55
89;56
89;59
89;60
89;61
89;62
89;63
89;64
89;65
89;66
89;67
89;68
89;69
89;70
89;71
89;72
89;73
90;28
90;29
90;30
90;31
90;32
90;33
90;34
90;35
90;36
90;37
90;38
90;39
90;40
90;41
90;42
90;43
90;44
90;45
90;46
90;47
90;48
90;49
90;50
90;51
90;52
90;53
90;54
90;55
90;56
90;58
90;59
90;60
90;61
90;62
90;63
90;64
90;65
90;66
90;67
90;68
90;69
90;70
90;71
90;72
90;73
91;29
91;30
91;31
91;32
91;33
91;34
91;35
91;36
91;37
91;38
91;39
91;40
91;41
91;42
91;43
91;44
91;45
91;46
91;47
91;48
91;49
91;50
91;51
91;52
91;53
91;54
91;55
91;56
91;57
91;58
91;59
91;60
91;61
91;62
91;63
91;64
91;65
91;66
91;67
91;68
91;69
91;70
91;71
91;72
91;73
91;75
91;76
91;77
91;78
91;79
91;80
91;81
91;82
91;83
92;29
92;30
92;31
92;32
92;33
92;34
92;35
92;36
92;37
92;38
92;39
92;40
92;41
92;42
92;43
92;44
92;45
92;48
92;49
92;50
92;51
92;52
92;53
92;54
92;55
92;56
92;57
92;58
92;59
92;60
92;61
92;62
92;63
92;64
92;65
92;66
92;67
92;68
92;69
92;70
92;71
92;72
92;73
92;74
92;75
92;76
92;77
92;78
92;79
92;80
92;81
92;82
93;29
93;30
93;31
93;32
93;33
93;34
93;35
93;36
93;37
93;38
93;39
93;40
93;41
93;42
93;43
93;44
93;45
93;50
93;51
93;52
93;53
93;54
93;55
93;56
93;57
93;58
93;59
93;60
93;61
93;62
93;63
93;64
93;65
93;66
93;67
93;68
93;69
93;70
93;71
93;72
93;73
93;74
93;75
93;76
93;77
93;78
93;79
93;80
93;81
93;82
94;29
94;30
94;31
94;32
94;33
94;34
94;35
94;36
94;37
94;38
94;39
94;40
94;41
94;42
94;43
94;44
94;45
94;51
94;52
94;53
94;54
94;55
94;61
94;62
94;63
94;64
94;65
94;66
94;67
94;68
94;69
94;70
94;71
94;72
94;73
94;74
94;75
94;76
94;77
94;78
94;79
94;80
94;81
95;2
95;3
95;4
95;30
95;31
95;32
95;33
95;34
95;35
95;36
95;37
95;38
95;39
95;40
95;41
95;42
95;43
95;44
95;52
95;53
95;54
95;55
95;64
95;65
95;66
95;67
95;68
95;69
95;70
95;71
95;72
95;73
95;74
95;75
95;76
95;77
95;78
95;79
95;80
95;81
96;1
96;2
96;3
96;4
96;5
96;6
96;31
96;32
96;33
96;34
96;35
96;36
96;37
96;38
96;39
96;40
96;41
96;42
96;43
96;53
96;54
96;55
96;66
96;67
96;68
96;69
96;70
96;71
96;72
96;73
96;74
96;75
96;76
96;77
96;78
96;79
96;80
96;81
97;0
97;1
97;2
97;3
97;4
97;5
97;6
97;7
97;32
97;33
97;34
97;35
97;36
97;37
97;38
97;39
97;40
97;41
97;42
97;54
97;55
97;69
97;70
97;71
97;72
97;73
97;74
97;75
97;76
97;77
97;78
97;79
97;80
98;0
98;1
98;2
98;3
98;4
98;5
98;6
98;7
98;33
98;34
98;35
98;36
98;37
98;38
98;39
98;40
98;41
98;71
98;72
98;73
98;74
98;76
98;77
98;78
98;79
98;80
99;0
99;1
99;2
99;3
99;4
99;5
99;6
99;7
99;37
99;73
99;74
99;77
99;78
99;79
