300;300;265;121;279;219
12;252
12;253
12;254
12;255
12;256
12;257
12;258
12;259
12;260
13;248
13;249
13;250
13;251
13;252
13;253
13;254
13;255
13;256
13;257
13;258
13;259
13;260
13;261
13;262
13;263
14;246
14;247
14;248
14;249
14;250
14;251
14;252
14;253
14;254
14;255
14;256
14;257
14;258
14;259
14;260
14;261
14;262
14;263
14;264
14;265
14;266
15;244
15;245
15;246
15;247
15;248
15;249
15;250
15;251
15;252
15;253
15;254
15;255
15;256
15;257
15;258
15;259
15;260
15;261
15;262
15;263
15;264
15;265
15;266
15;267
15;268
16;243
16;244
16;245
16;246
16;247
16;248
16;249
16;250
16;251
16;252
16;253
16;254
16;255
16;256
16;257
16;258
16;259
16;260
16;261
16;262
16;263
16;264
16;265
16;266
16;267
16;268
16;269
17;241
17;242
17;243
17;244
17;245
17;246
17;247
17;248
17;249
17;250
17;251
17;252
17;253
17;254
17;255
17;256
17;257
17;258
17;259
17;260
17;261
17;262
17;263
17;264
17;265
17;266
17;267
17;268
17;269
17;270
17;271
18;240
18;241
18;242
18;243
18;244
18;245
18;246
18;247
18;248
18;249
18;250
18;251
18;252
18;253
18;254
18;255
18;256
18;257
18;258
18;259
18;260
18;261
18;262
18;263
18;264
18;265
18;266
18;267
18;268
18;269
18;270
18;271
18;272
19;239
19;240
19;241
19;242
19;243
19;244
19;245
19;246
19;247
19;248
19;249
19;250
19;251
19;252
19;253
19;254
19;255
19;256
19;257
19;258
19;259
19;260
19;261
19;262
19;263
19;264
19;265
19;266
19;267
19;268
19;269
19;270
19;271
19;272
19;273
20;238
20;239
20;240
20;241
20;242
20;243
20;244
20;245
20;246
20;247
20;248
20;249
20;250
20;251
20;252
20;253
20;254
20;255
20;256
20;257
20;258
20;259
20;260
20;261
20;262
20;263
20;264
20;265
20;266
20;267
20;268
20;269
20;270
20;271
20;272
20;273
20;274
21;237
21;238
21;239
21;240
21;241
21;242
21;243
21;244
21;245
21;246
21;247
21;248
21;249
21;250
21;251
21;252
21;253
21;254
21;255
21;256
21;257
21;258
21;259
21;260
21;261
21;262
21;263
21;264
21;265
21;266
21;267
21;268
21;269
21;270
21;271
21;272
21;273
21;274
22;237
22;238
22;239
22;240
22;241
22;242
22;243
22;244
22;245
22;246
22;247
22;248
22;249
22;250
22;251
22;252
22;253
22;254
22;255
22;256
22;257
22;258
22;259
22;260
22;261
22;262
22;263
22;264
22;265
22;266
22;267
22;268
22;269
22;270
22;271
22;272
22;273
22;274
22;275
23;236
23;237
23;238
23;239
23;240
23;241
23;242
23;243
23;244
23;245
23;246
23;247
23;248
23;249
23;250
23;251
23;252
23;253
23;254
23;255
23;256
23;257
23;258
23;259
23;260
23;261
23;262
23;263
23;264
23;265
23;266
23;267
23;268
23;269
23;270
23;271
23;272
23;273
23;274
23;275
23;276
24;235
24;236
24;237
24;238
24;239
24;240
24;241
24;242
24;243
24;244
24;245
24;246
24;247
24;248
24;249
24;250
24;251
24;252
24;253
24;254
24;255
24;256
24;257
24;258
24;259
24;260
24;261
24;262
24;263
24;264
24;265
24;266
24;267
24;268
24;269
24;270
24;271
24;272
24;273
24;274
24;275
24;276
25;235
25;236
25;237
25;238
25;239
25;240
25;241
25;242
25;243
25;244
25;245
25;246
25;247
25;248
25;249
25;250
25;251
25;252
25;253
25;254
25;255
25;256
25;257
25;258
25;259
25;260
25;261
25;262
25;263
25;264
25;265
25;266
25;267
25;268
25;269
25;270
25;271
25;272
25;273
25;274
25;275
25;276
25;277
26;234
26;235
26;236
26;237
26;238
26;239
26;240
26;241
26;242
26;243
26;244
26;245
26;246
26;247
26;248
26;249
26;250
26;251
26;252
26;253
26;254
26;255
26;256
26;257
26;258
26;259
26;260
26;261
26;262
26;263
26;264
26;265
26;266
26;267
26;268
26;269
26;270
26;271
26;272
26;273
26;274
26;275
26;276
26;277
27;234
27;235
27;236
27;237
27;238
27;239
27;240
27;241
27;242
27;243
27;244
27;245
27;246
27;247
27;248
27;249
27;250
27;251
27;252
27;253
27;254
27;255
27;256
27;257
27;258
27;259
27;260
27;261
27;262
27;263
27;264
27;265
27;266
27;267
27;268
27;269
27;270
27;271
27;272
27;273
27;274
27;275
27;276
27;277
27;278
28;234
28;235
28;236
28;237
28;238
28;239
28;240
28;241
28;242
28;243
28;244
28;245
28;246
28;247
28;248
28;249
28;250
28;251
28;252
28;253
28;254
28;255
28;256
28;257
28;258
28;259
28;260
28;261
28;262
28;263
28;264
28;265
28;266
28;267
28;268
28;269
28;270
28;271
28;272
28;273
28;274
28;275
28;276
28;277
28;278
29;233
29;234
29;235
29;236
29;237
29;238
29;239
29;240
29;241
29;242
29;243
29;244
29;245
29;246
29;247
29;248
29;249
29;250
29;251
29;252
29;253
29;254
29;255
29;256
29;257
29;258
29;259
29;260
29;261
29;262
29;263
29;264
29;265
29;266
29;267
29;268
29;269
29;270
29;271
29;272
29;273
29;274
29;275
29;276
29;277
29;278
30;233
30;234
30;235
30;236
30;237
30;238
30;239
30;240
30;241
30;242
30;243
30;244
30;245
30;246
30;247
30;248
30;249
30;250
30;251
30;252
30;253
30;254
30;255
30;256
30;257
30;258
30;259
30;260
30;261
30;262
30;263
30;264
30;265
30;266
30;267
30;268
30;269
30;270
30;271
30;272
30;273
30;274
30;275
30;276
30;277
30;278
30;279
31;233
31;234
31;235
31;236
31;237
31;238
31;239
31;240
31;241
31;242
31;243
31;244
31;245
31;246
31;247
31;248
31;249
31;250
31;251
31;252
31;253
31;254
31;255
31;256
31;257
31;258
31;259
31;260
31;261
31;262
31;263
31;264
31;265
31;266
31;267
31;268
31;269
31;270
31;271
31;272
31;273
31;274
31;275
31;276
31;277
31;278
31;279
32;233
32;234
32;235
32;236
32;237
32;238
32;239
32;240
32;241
32;242
32;243
32;244
32;245
32;246
32;247
32;248
32;249
32;250
32;251
32;252
32;253
32;254
32;255
32;256
32;257
32;258
32;259
32;260
32;261
32;262
32;263
32;264
32;265
32;266
32;267
32;268
32;269
32;270
32;271
32;272
32;273
32;274
32;275
32;276
32;277
32;278
32;279
33;233
33;234
33;235
33;236
33;237
33;238
33;239
33;240
33;241
33;242
33;243
33;244
33;245
33;246
33;247
33;248
33;249
33;250
33;251
33;252
33;253
33;254
33;255
33;256
33;257
33;258
33;259
33;260
33;261
33;262
33;263
33;264
33;265
33;266
33;267
33;268
33;269
33;270
33;271
33;272
33;273
33;274
33;275
33;276
33;277
33;278
33;279
34;233
34;234
34;235
34;236
34;237
34;238
34;239
34;240
34;241
34;242
34;243
34;244
34;245
34;246
34;247
34;248
34;249
34;250
34;251
34;252
34;253
34;254
34;255
34;256
34;257
34;258
34;259
34;260
34;261
34;262
34;263
34;264
34;265
34;266
34;267
34;268
34;269
34;270
34;271
34;272
34;273
34;274
34;275
34;276
34;277
34;278
34;279
35;233
35;234
35;235
35;236
35;237
35;238
35;239
35;240
35;241
35;242
35;243
35;244
35;245
35;246
35;247
35;248
35;249
35;250
35;251
35;252
35;253
35;254
35;255
35;256
35;257
35;258
35;259
35;260
35;261
35;262
35;263
35;264
35;265
35;266
35;267
35;268
35;269
35;270
35;271
35;272
35;273
35;274
35;275
35;276
35;277
35;278
35;279
36;233
36;234
36;235
36;236
36;237
36;238
36;239
36;240
36;241
36;242
36;243
36;244
36;245
36;246
36;247
36;248
36;249
36;250
36;251
36;252
36;253
36;254
36;255
36;256
36;257
36;258
36;259
36;260
36;261
36;262
36;263
36;264
36;265
36;266
36;267
36;268
36;269
36;270
36;271
36;272
36;273
36;274
36;275
36;276
36;277
36;278
36;279
37;233
37;234
37;235
37;236
37;237
37;238
37;239
37;240
37;241
37;242
37;243
37;244
37;245
37;246
37;247
37;248
37;249
37;250
37;251
37;252
37;253
37;254
37;255
37;256
37;257
37;258
37;259
37;260
37;261
37;262
37;263
37;264
37;265
37;266
37;267
37;268
37;269
37;270
37;271
37;272
37;273
37;274
37;275
37;276
37;277
37;278
37;279
38;233
38;234
38;235
38;236
38;237
38;238
38;239
38;240
38;241
38;242
38;243
38;244
38;245
38;246
38;247
38;248
38;249
38;250
38;251
38;252
38;253
38;254
38;255
38;256
38;257
38;258
38;259
38;260
38;261
38;262
38;263
38;264
38;265
38;266
38;267
38;268
38;269
38;270
38;271
38;272
38;273
38;274
38;275
38;276
38;277
38;278
38;279
39;233
39;234
39;235
39;236
39;237
39;238
39;239
39;240
39;241
39;242
39;243
39;244
39;245
39;246
39;247
39;248
39;249
39;250
39;251
39;252
39;253
39;254
39;255
39;256
39;257
39;258
39;259
39;260
39;261
39;262
39;263
39;264
39;265
39;266
39;267
39;268
39;269
39;270
39;271
39;272
39;273
39;274
39;275
39;276
39;277
39;278
39;279
40;233
40;234
40;235
40;236
40;237
40;238
40;239
40;240
40;241
40;242
40;243
40;244
40;245
40;246
40;247
40;248
40;249
40;250
40;251
40;252
40;253
40;254
40;255
40;256
40;257
40;258
40;259
40;260
40;261
40;262
40;263
40;264
40;265
40;266
40;267
40;268
40;269
40;270
40;271
40;272
40;273
40;274
40;275
40;276
40;277
40;278
40;279
41;233
41;234
41;235
41;236
41;237
41;238
41;239
41;240
41;241
41;242
41;243
41;244
41;245
41;246
41;247
41;248
41;249
41;250
41;251
41;252
41;253
41;254
41;255
41;256
41;257
41;258
41;259
41;260
41;261
41;262
41;263
41;264
41;265
41;266
41;267
41;268
41;269
41;270
41;271
41;272
41;273
41;274
41;275
41;276
41;277
41;278
41;279
42;233
42;234
42;235
42;236
42;237
42;238
42;239
42;240
42;241
42;242
42;243
42;244
42;245
42;246
42;247
42;248
42;249
42;250
42;251
42;252
42;253
42;254
42;255
42;256
42;257
42;258
42;259
42;260
42;261
42;262
42;263
42;264
42;265
42;266
42;267
42;268
42;269
42;270
42;271
42;272
42;273
42;274
42;275
42;276
42;277
42;278
43;234
43;235
43;236
43;237
43;238
43;239
43;240
43;241
43;242
43;243
43;244
43;245
43;246
43;247
43;248
43;249
43;250
43;251
43;252
43;253
43;254
43;255
43;256
43;257
43;258
43;259
43;260
43;261
43;262
43;263
43;264
43;265
43;266
43;267
43;268
43;269
43;270
43;271
43;272
43;273
43;274
43;275
43;276
43;277
43;278
44;234
44;235
44;236
44;237
44;238
44;239
44;240
44;241
44;242
44;243
44;244
44;245
44;246
44;247
44;248
44;249
44;250
44;251
44;252
44;253
44;254
44;255
44;256
44;257
44;258
44;259
44;260
44;261
44;262
44;263
44;264
44;265
44;266
44;267
44;268
44;269
44;270
44;271
44;272
44;273
44;274
44;275
44;276
44;277
44;278
45;234
45;235
45;236
45;237
45;238
45;239
45;240
45;241
45;242
45;243
45;244
45;245
45;246
45;247
45;248
45;249
45;250
45;251
45;252
45;253
45;254
45;255
45;256
45;257
45;258
45;259
45;260
45;261
45;262
45;263
45;264
45;265
45;266
45;267
45;268
45;269
45;270
45;271
45;272
45;273
45;274
45;275
45;276
45;277
46;235
46;236
46;237
46;238
46;239
46;240
46;241
46;242
46;243
46;244
46;245
46;246
46;247
46;248
46;249
46;250
46;251
46;252
46;253
46;254
46;255
46;256
46;257
46;258
46;259
46;260
46;261
46;262
46;263
46;264
46;265
46;266
46;267
46;268
46;269
46;270
46;271
46;272
46;273
46;274
46;275
46;276
46;277
47;235
47;236
47;237
47;238
47;239
47;240
47;241
47;242
47;243
47;244
47;245
47;246
47;247
47;248
47;249
47;250
47;251
47;252
47;253
47;254
47;255
47;256
47;257
47;258
47;259
47;260
47;261
47;262
47;263
47;264
47;265
47;266
47;267
47;268
47;269
47;270
47;271
47;272
47;273
47;274
47;275
47;276
48;236
48;237
48;238
48;239
48;240
48;241
48;242
48;243
48;244
48;245
48;246
48;247
48;248
48;249
48;250
48;251
48;252
48;253
48;254
48;255
48;256
48;257
48;258
48;259
48;260
48;261
48;262
48;263
48;264
48;265
48;266
48;267
48;268
48;269
48;270
48;271
48;272
48;273
48;274
48;275
48;276
49;237
49;238
49;239
49;240
49;241
49;242
49;243
49;244
49;245
49;246
49;247
49;248
49;249
49;250
49;251
49;252
49;253
49;254
49;255
49;256
49;257
49;258
49;259
49;260
49;261
49;262
49;263
49;264
49;265
49;266
49;267
49;268
49;269
49;270
49;271
49;272
49;273
49;274
49;275
50;237
50;238
50;239
50;240
50;241
50;242
50;243
50;244
50;245
50;246
50;247
50;248
50;249
50;250
50;251
50;252
50;253
50;254
50;255
50;256
50;257
50;258
50;259
50;260
50;261
50;262
50;263
50;264
50;265
50;266
50;267
50;268
50;269
50;270
50;271
50;272
50;273
50;274
51;238
51;239
51;240
51;241
51;242
51;243
51;244
51;245
51;246
51;247
51;248
51;249
51;250
51;251
51;252
51;253
51;254
51;255
51;256
51;257
51;258
51;259
51;260
51;261
51;262
51;263
51;264
51;265
51;266
51;267
51;268
51;269
51;270
51;271
51;272
51;273
51;274
52;239
52;240
52;241
52;242
52;243
52;244
52;245
52;246
52;247
52;248
52;249
52;250
52;251
52;252
52;253
52;254
52;255
52;256
52;257
52;258
52;259
52;260
52;261
52;262
52;263
52;264
52;265
52;266
52;267
52;268
52;269
52;270
52;271
52;272
52;273
53;240
53;241
53;242
53;243
53;244
53;245
53;246
53;247
53;248
53;249
53;250
53;251
53;252
53;253
53;254
53;255
53;256
53;257
53;258
53;259
53;260
53;261
53;262
53;263
53;264
53;265
53;266
53;267
53;268
53;269
53;270
53;271
53;272
54;241
54;242
54;243
54;244
54;245
54;246
54;247
54;248
54;249
54;250
54;251
54;252
54;253
54;254
54;255
54;256
54;257
54;258
54;259
54;260
54;261
54;262
54;263
54;264
54;265
54;266
54;267
54;268
54;269
54;270
55;243
55;244
55;245
55;246
55;247
55;248
55;249
55;250
55;251
55;252
55;253
55;254
55;255
55;256
55;257
55;258
55;259
55;260
55;261
55;262
55;263
55;264
55;265
55;266
55;267
55;268
55;269
56;244
56;245
56;246
56;247
56;248
56;249
56;250
56;251
56;252
56;253
56;254
56;255
56;256
56;257
56;258
56;259
56;260
56;261
56;262
56;263
56;264
56;265
56;266
56;267
56;268
57;246
57;247
57;248
57;249
57;250
57;251
57;252
57;253
57;254
57;255
57;256
57;257
57;258
57;259
57;260
57;261
57;262
57;263
57;264
57;265
57;266
58;248
58;249
58;250
58;251
58;252
58;253
58;254
58;255
58;256
58;257
58;258
58;259
58;260
58;261
58;262
58;263
59;252
59;253
59;254
59;255
59;256
59;257
59;258
59;259
59;260
124;255
125;254
125;255
125;256
125;257
125;258
126;254
126;255
126;256
126;257
126;258
126;259
126;260
127;253
127;254
127;255
127;256
127;257
127;258
127;259
127;260
127;261
127;262
128;253
128;254
128;255
128;256
128;257
128;258
128;259
128;260
128;261
128;262
128;263
128;264
128;265
129;253
129;254
129;255
129;256
129;257
129;258
129;259
129;260
129;261
129;262
129;263
129;264
129;265
129;266
129;267
130;252
130;253
130;254
130;255
130;256
130;257
130;258
130;259
130;260
130;261
130;262
130;263
130;264
130;265
130;266
130;267
130;268
130;269
131;252
131;253
131;254
131;255
131;256
131;257
131;258
131;259
131;260
131;261
131;262
131;263
131;264
131;265
131;266
131;267
131;268
131;269
131;270
132;251
132;252
132;253
132;254
132;255
132;256
132;257
132;258
132;259
132;260
132;261
132;262
132;263
132;264
132;265
132;266
132;267
132;268
132;269
132;270
133;251
133;252
133;253
133;254
133;255
133;256
133;257
133;258
133;259
133;260
133;261
133;262
133;263
133;264
133;265
133;266
133;267
133;268
133;269
134;250
134;251
134;252
134;253
134;254
134;255
134;256
134;257
134;258
134;259
134;260
134;261
134;262
134;263
134;264
134;265
134;266
134;267
134;268
134;269
135;250
135;251
135;252
135;253
135;254
135;255
135;256
135;257
135;258
135;259
135;260
135;261
135;262
135;263
135;264
135;265
135;266
135;267
135;268
135;269
136;249
136;250
136;251
136;252
136;253
136;254
136;255
136;256
136;257
136;258
136;259
136;260
136;261
136;262
136;263
136;264
136;265
136;266
136;267
136;268
137;249
137;250
137;251
137;252
137;253
137;254
137;255
137;256
137;257
137;258
137;259
137;260
137;261
137;262
137;263
137;264
137;265
137;266
137;267
137;268
138;249
138;250
138;251
138;252
138;253
138;254
138;255
138;256
138;257
138;258
138;259
138;260
138;261
138;262
138;263
138;264
138;265
138;266
138;267
139;248
139;249
139;250
139;251
139;252
139;253
139;254
139;255
139;256
139;257
139;258
139;259
139;260
139;261
139;262
139;263
139;264
139;265
139;266
139;267
140;248
140;249
140;250
140;251
140;252
140;253
140;254
140;255
140;256
140;257
140;258
140;259
140;260
140;261
140;262
140;263
140;264
140;265
140;266
141;250
141;251
141;252
141;253
141;254
141;255
141;256
141;257
141;258
141;259
141;260
141;261
141;262
141;263
141;264
141;265
141;266
142;253
142;254
142;255
142;256
142;257
142;258
142;259
142;260
142;261
142;262
142;263
142;264
142;265
142;266
143;255
143;256
143;257
143;258
143;259
143;260
143;261
143;262
143;263
143;264
143;265
144;257
144;258
144;259
144;260
144;261
144;262
144;263
144;264
144;265
145;260
145;261
145;262
145;263
145;264
146;262
146;263
146;264
202;244
202;245
203;241
203;242
203;243
203;244
203;245
204;237
204;238
204;239
204;240
204;241
204;242
204;243
204;244
204;245
205;234
205;235
205;236
205;237
205;238
205;239
205;240
205;241
205;242
205;243
205;244
205;245
205;246
206;231
206;232
206;233
206;234
206;235
206;236
206;237
206;238
206;239
206;240
206;241
206;242
206;243
206;244
206;245
206;246
207;228
207;229
207;230
207;231
207;232
207;233
207;234
207;235
207;236
207;237
207;238
207;239
207;240
207;241
207;242
207;243
207;244
207;245
207;246
208;225
208;226
208;227
208;228
208;229
208;230
208;231
208;232
208;233
208;234
208;235
208;236
208;237
208;238
208;239
208;240
208;241
208;242
208;243
208;244
208;245
208;246
208;247
209;222
209;223
209;224
209;225
209;226
209;227
209;228
209;229
209;230
209;231
209;232
209;233
209;234
209;235
209;236
209;237
209;238
209;239
209;240
209;241
209;242
209;243
209;244
209;245
209;246
209;247
210;219
210;220
210;221
210;222
210;223
210;224
210;225
210;226
210;227
210;228
210;229
210;230
210;231
210;232
210;233
210;234
210;235
210;236
210;237
210;238
210;239
210;240
210;241
210;242
210;243
210;244
210;245
210;246
210;247
211;216
211;217
211;218
211;219
211;220
211;221
211;222
211;223
211;224
211;225
211;226
211;227
211;228
211;229
211;230
211;231
211;232
211;233
211;234
211;235
211;236
211;237
211;238
211;239
211;240
211;241
211;242
211;243
211;244
211;245
211;246
211;247
211;248
212;213
212;214
212;215
212;216
212;217
212;218
212;219
212;220
212;221
212;222
212;223
212;224
212;225
212;226
212;227
212;228
212;229
212;230
212;231
212;232
212;233
212;234
212;235
212;236
212;237
212;238
212;239
212;240
212;241
212;242
212;243
212;244
212;245
212;246
212;247
212;248
213;210
213;211
213;212
213;213
213;214
213;215
213;216
213;217
213;218
213;219
213;220
213;221
213;222
213;223
213;224
213;225
213;226
213;227
213;228
213;229
213;230
213;231
213;232
213;233
213;234
213;235
213;236
213;237
213;238
213;239
213;240
213;241
213;242
213;243
213;244
213;245
213;246
213;247
213;248
214;207
214;208
214;209
214;210
214;211
214;212
214;213
214;214
214;215
214;216
214;217
214;218
214;219
214;220
214;221
214;222
214;223
214;224
214;225
214;226
214;227
214;228
214;229
214;230
214;231
214;232
214;233
214;234
214;235
214;236
214;237
214;238
214;239
214;240
214;241
214;242
214;243
214;244
214;245
214;246
214;247
214;248
214;249
215;25
215;26
215;204
215;205
215;206
215;207
215;208
215;209
215;210
215;211
215;212
215;213
215;214
215;215
215;216
215;217
215;218
215;219
215;220
215;221
215;222
215;223
215;224
215;225
215;226
215;227
215;228
215;229
215;230
215;231
215;232
215;233
215;234
215;235
215;236
215;237
215;238
215;239
215;240
215;241
215;242
215;243
215;244
215;245
215;246
215;247
215;248
215;249
216;25
216;26
216;27
216;201
216;202
216;203
216;204
216;205
216;206
216;207
216;208
216;209
216;210
216;211
216;212
216;213
216;214
216;215
216;216
216;217
216;218
216;219
216;220
216;221
216;222
216;223
216;224
216;225
216;226
216;227
216;228
216;229
216;230
216;231
216;232
216;233
216;234
216;235
216;236
216;237
216;238
216;239
216;240
216;241
216;242
216;243
216;244
216;245
216;246
216;247
216;248
216;249
217;24
217;25
217;26
217;27
217;28
217;29
217;198
217;199
217;200
217;201
217;202
217;203
217;204
217;205
217;206
217;207
217;208
217;209
217;210
217;211
217;212
217;213
217;214
217;215
217;216
217;217
217;218
217;219
217;220
217;221
217;222
217;223
217;224
217;225
217;226
217;227
217;228
217;229
217;230
217;231
217;232
217;233
217;234
217;235
217;236
217;237
217;238
217;239
217;240
217;241
217;242
217;243
217;244
217;245
217;246
217;247
217;248
217;249
217;250
218;24
218;25
218;26
218;27
218;28
218;29
218;30
218;31
218;198
218;199
218;200
218;201
218;202
218;203
218;204
218;205
218;206
218;207
218;208
218;209
218;210
218;211
218;212
218;213
218;214
218;215
218;216
218;217
218;218
218;219
218;220
218;221
218;222
218;223
218;224
218;225
218;226
218;227
218;228
218;229
218;230
218;231
218;232
218;233
218;234
218;235
218;236
218;237
218;238
218;239
218;240
218;241
218;242
218;243
218;244
218;245
218;246
218;247
218;248
218;249
218;250
219;23
219;24
219;25
219;26
219;27
219;28
219;29
219;30
219;31
219;32
219;33
219;199
219;200
219;201
219;202
219;203
219;204
219;205
219;206
219;207
219;208
219;209
219;210
219;211
219;212
219;213
219;214
219;215
219;216
219;217
219;218
219;219
219;220
219;221
219;222
219;223
219;224
219;225
219;226
219;227
219;228
219;229
219;230
219;231
219;232
219;233
219;234
219;235
219;236
219;237
219;238
219;239
219;240
219;241
219;242
219;243
219;244
219;245
219;246
219;247
219;248
219;249
219;250
220;23
220;24
220;25
220;26
220;27
220;28
220;29
220;30
220;31
220;32
220;33
220;34
220;35
220;199
220;200
220;201
220;202
220;203
220;204
220;205
220;206
220;207
220;208
220;209
220;210
220;211
220;212
220;213
220;214
220;215
220;216
220;217
220;218
220;219
220;220
220;221
220;222
220;223
220;224
220;225
220;226
220;227
220;228
220;229
220;230
220;231
220;232
220;233
220;234
220;235
220;236
220;237
220;238
220;239
220;240
220;241
220;242
220;243
220;244
220;245
220;246
220;247
220;248
220;249
220;250
220;251
221;22
221;23
221;24
221;25
221;26
221;27
221;28
221;29
221;30
221;31
221;32
221;33
221;34
221;35
221;36
221;37
221;199
221;200
221;201
221;202
221;203
221;204
221;205
221;206
221;207
221;208
221;209
221;210
221;211
221;212
221;213
221;214
221;215
221;216
221;217
221;218
221;219
221;220
221;221
221;222
221;223
221;224
221;225
221;226
221;227
221;228
221;229
221;230
221;231
221;232
221;233
221;234
221;235
221;236
221;237
221;238
221;239
221;240
221;241
221;242
221;243
221;244
221;245
221;246
221;247
221;248
221;249
221;250
221;251
222;21
222;22
222;23
222;24
222;25
222;26
222;27
222;28
222;29
222;30
222;31
222;32
222;33
222;34
222;35
222;36
222;37
222;38
222;39
222;200
222;201
222;202
222;203
222;204
222;205
222;206
222;207
222;208
222;209
222;210
222;211
222;212
222;213
222;214
222;215
222;216
222;217
222;218
222;219
222;220
222;221
222;222
222;223
222;224
222;225
222;226
222;227
222;228
222;229
222;230
222;231
222;232
222;233
222;234
222;235
222;236
222;237
222;238
222;239
222;240
222;241
222;242
222;243
222;244
222;245
222;246
222;247
222;248
222;249
222;250
222;251
223;21
223;22
223;23
223;24
223;25
223;26
223;27
223;28
223;29
223;30
223;31
223;32
223;33
223;34
223;35
223;36
223;37
223;38
223;39
223;40
223;41
223;148
223;149
223;150
223;151
223;152
223;153
223;154
223;155
223;200
223;201
223;202
223;203
223;204
223;205
223;206
223;207
223;208
223;209
223;210
223;211
223;212
223;213
223;214
223;215
223;216
223;217
223;218
223;219
223;220
223;221
223;222
223;223
223;224
223;225
223;226
223;227
223;228
223;229
223;230
223;231
223;232
223;233
223;234
223;235
223;236
223;237
223;238
223;239
223;240
223;241
223;242
223;243
223;244
223;245
223;246
223;247
223;248
223;249
223;250
223;251
223;252
223;253
223;254
223;255
223;256
224;20
224;21
224;22
224;23
224;24
224;25
224;26
224;27
224;28
224;29
224;30
224;31
224;32
224;33
224;34
224;35
224;36
224;37
224;38
224;39
224;40
224;41
224;42
224;43
224;144
224;145
224;146
224;147
224;148
224;149
224;150
224;151
224;152
224;153
224;154
224;155
224;156
224;157
224;158
224;159
224;200
224;201
224;202
224;203
224;204
224;205
224;206
224;207
224;208
224;209
224;210
224;211
224;212
224;213
224;214
224;215
224;216
224;217
224;218
224;219
224;220
224;221
224;222
224;223
224;224
224;225
224;226
224;227
224;228
224;229
224;230
224;231
224;232
224;233
224;234
224;235
224;236
224;237
224;238
224;239
224;240
224;241
224;242
224;243
224;244
224;245
224;246
224;247
224;248
224;249
224;250
224;251
224;252
224;253
224;254
224;255
224;256
224;257
224;258
224;259
224;260
224;261
224;262
225;20
225;21
225;22
225;23
225;24
225;25
225;26
225;27
225;28
225;29
225;30
225;31
225;32
225;33
225;34
225;35
225;36
225;37
225;38
225;39
225;40
225;41
225;42
225;43
225;44
225;141
225;142
225;143
225;144
225;145
225;146
225;147
225;148
225;149
225;150
225;151
225;152
225;153
225;154
225;155
225;156
225;157
225;158
225;159
225;160
225;161
225;201
225;202
225;203
225;204
225;205
225;206
225;207
225;208
225;209
225;210
225;211
225;212
225;213
225;214
225;215
225;216
225;217
225;218
225;219
225;220
225;221
225;222
225;223
225;224
225;225
225;226
225;227
225;228
225;229
225;230
225;231
225;232
225;233
225;234
225;235
225;236
225;237
225;238
225;239
225;240
225;241
225;242
225;243
225;244
225;245
225;246
225;247
225;248
225;249
225;250
225;251
225;252
225;253
225;254
225;255
225;256
225;257
225;258
225;259
225;260
225;261
225;262
225;263
225;264
225;265
225;266
225;267
226;19
226;20
226;21
226;22
226;23
226;24
226;25
226;26
226;27
226;28
226;29
226;30
226;31
226;32
226;33
226;34
226;35
226;36
226;37
226;38
226;39
226;40
226;41
226;42
226;43
226;44
226;45
226;46
226;140
226;141
226;142
226;143
226;144
226;145
226;146
226;147
226;148
226;149
226;150
226;151
226;152
226;153
226;154
226;155
226;156
226;157
226;158
226;159
226;160
226;161
226;162
226;163
226;201
226;202
226;203
226;204
226;205
226;206
226;207
226;208
226;209
226;210
226;211
226;212
226;213
226;214
226;215
226;216
226;217
226;218
226;219
226;220
226;221
226;222
226;223
226;224
226;225
226;226
226;227
226;228
226;229
226;230
226;231
226;232
226;233
226;234
226;235
226;236
226;237
226;238
226;239
226;240
226;241
226;242
226;243
226;244
226;245
226;246
226;247
226;248
226;249
226;250
226;251
226;252
226;253
226;254
226;255
226;256
226;257
226;258
226;259
226;260
226;261
226;262
226;263
226;264
226;265
226;266
226;267
226;268
226;269
226;270
226;271
226;272
226;273
227;19
227;20
227;21
227;22
227;23
227;24
227;25
227;26
227;27
227;28
227;29
227;30
227;31
227;32
227;33
227;34
227;35
227;36
227;37
227;38
227;39
227;40
227;41
227;42
227;43
227;44
227;45
227;46
227;47
227;48
227;138
227;139
227;140
227;141
227;142
227;143
227;144
227;145
227;146
227;147
227;148
227;149
227;150
227;151
227;152
227;153
227;154
227;155
227;156
227;157
227;158
227;159
227;160
227;161
227;162
227;163
227;164
227;201
227;202
227;203
227;204
227;205
227;206
227;207
227;208
227;209
227;210
227;211
227;212
227;213
227;214
227;215
227;216
227;217
227;218
227;219
227;220
227;221
227;222
227;223
227;224
227;225
227;226
227;227
227;228
227;229
227;230
227;231
227;232
227;233
227;234
227;235
227;236
227;237
227;238
227;239
227;240
227;241
227;242
227;243
227;244
227;245
227;246
227;247
227;248
227;249
227;250
227;251
227;252
227;253
227;254
227;255
227;256
227;257
227;258
227;259
227;260
227;261
227;262
227;263
227;264
227;265
227;266
227;267
227;268
227;269
227;270
227;271
227;272
227;273
227;274
227;275
227;276
227;277
227;278
228;18
228;19
228;20
228;21
228;22
228;23
228;24
228;25
228;26
228;27
228;28
228;29
228;30
228;31
228;32
228;33
228;34
228;35
228;36
228;37
228;38
228;39
228;40
228;41
228;42
228;43
228;44
228;45
228;46
228;47
228;48
228;49
228;50
228;137
228;138
228;139
228;140
228;141
228;142
228;143
228;144
228;145
228;146
228;147
228;148
228;149
228;150
228;151
228;152
228;153
228;154
228;155
228;156
228;157
228;158
228;159
228;160
228;161
228;162
228;163
228;164
228;165
228;166
228;202
228;203
228;204
228;205
228;206
228;207
228;208
228;209
228;210
228;211
228;212
228;213
228;214
228;215
228;216
228;217
228;218
228;219
228;220
228;221
228;222
228;223
228;224
228;225
228;226
228;227
228;228
228;229
228;230
228;231
228;232
228;233
228;234
228;235
228;236
228;237
228;238
228;239
228;240
228;241
228;242
228;243
228;244
228;245
228;246
228;247
228;248
228;249
228;250
228;251
228;252
228;253
228;254
228;255
228;256
228;257
228;258
228;259
228;260
228;261
228;262
228;263
228;264
228;265
228;266
228;267
228;268
228;269
228;270
228;271
228;272
228;273
228;274
228;275
228;276
228;277
229;18
229;19
229;20
229;21
229;22
229;23
229;24
229;25
229;26
229;27
229;28
229;29
229;30
229;31
229;32
229;33
229;34
229;35
229;36
229;37
229;38
229;39
229;40
229;41
229;42
229;43
229;44
229;45
229;46
229;47
229;48
229;49
229;50
229;51
229;136
229;137
229;138
229;139
229;140
229;141
229;142
229;143
229;144
229;145
229;146
229;147
229;148
229;149
229;150
229;151
229;152
229;153
229;154
229;155
229;156
229;157
229;158
229;159
229;160
229;161
229;162
229;163
229;164
229;165
229;166
229;167
229;202
229;203
229;204
229;205
229;206
229;207
229;208
229;209
229;210
229;211
229;212
229;213
229;214
229;215
229;216
229;217
229;218
229;219
229;220
229;221
229;222
229;223
229;224
229;225
229;226
229;227
229;228
229;229
229;230
229;231
229;232
229;233
229;234
229;235
229;236
229;237
229;238
229;239
229;240
229;241
229;242
229;243
229;244
229;245
229;246
229;247
229;248
229;249
229;250
229;251
229;252
229;253
229;254
229;255
229;256
229;257
229;258
229;259
229;260
229;261
229;262
229;263
229;264
229;265
229;266
229;267
229;268
229;269
229;270
229;271
229;272
229;273
229;274
229;275
229;276
229;277
230;17
230;18
230;19
230;20
230;21
230;22
230;23
230;24
230;25
230;26
230;27
230;28
230;29
230;30
230;31
230;32
230;33
230;34
230;35
230;36
230;37
230;38
230;39
230;40
230;41
230;42
230;43
230;44
230;45
230;46
230;47
230;48
230;49
230;50
230;51
230;135
230;136
230;137
230;138
230;139
230;140
230;141
230;142
230;143
230;144
230;145
230;146
230;147
230;148
230;149
230;150
230;151
230;152
230;153
230;154
230;155
230;156
230;157
230;158
230;159
230;160
230;161
230;162
230;163
230;164
230;165
230;166
230;167
230;168
230;202
230;203
230;204
230;205
230;206
230;207
230;208
230;209
230;210
230;211
230;212
230;213
230;214
230;215
230;216
230;217
230;218
230;219
230;220
230;221
230;222
230;223
230;224
230;225
230;226
230;227
230;228
230;229
230;230
230;231
230;232
230;233
230;234
230;235
230;236
230;237
230;238
230;239
230;240
230;241
230;242
230;243
230;244
230;245
230;246
230;247
230;248
230;249
230;250
230;251
230;252
230;253
230;254
230;255
230;256
230;257
230;258
230;259
230;260
230;261
230;262
230;263
230;264
230;265
230;266
230;267
230;268
230;269
230;270
230;271
230;272
230;273
230;274
230;275
230;276
231;17
231;18
231;19
231;20
231;21
231;22
231;23
231;24
231;25
231;26
231;27
231;28
231;29
231;30
231;31
231;32
231;33
231;34
231;35
231;36
231;37
231;38
231;39
231;40
231;41
231;42
231;43
231;44
231;45
231;46
231;47
231;48
231;49
231;50
231;134
231;135
231;136
231;137
231;138
231;139
231;140
231;141
231;142
231;143
231;144
231;145
231;146
231;147
231;148
231;149
231;150
231;151
231;152
231;153
231;154
231;155
231;156
231;157
231;158
231;159
231;160
231;161
231;162
231;163
231;164
231;165
231;166
231;167
231;168
231;169
231;203
231;204
231;205
231;206
231;207
231;208
231;209
231;210
231;211
231;212
231;213
231;214
231;215
231;216
231;217
231;218
231;219
231;220
231;221
231;222
231;223
231;224
231;225
231;226
231;227
231;228
231;229
231;230
231;231
231;232
231;233
231;234
231;235
231;236
231;237
231;238
231;239
231;240
231;241
231;242
231;243
231;244
231;245
231;246
231;247
231;248
231;249
231;250
231;251
231;252
231;253
231;254
231;255
231;256
231;257
231;258
231;259
231;260
231;261
231;262
231;263
231;264
231;265
231;266
231;267
231;268
231;269
231;270
231;271
231;272
231;273
231;274
231;275
232;16
232;17
232;18
232;19
232;20
232;21
232;22
232;23
232;24
232;25
232;26
232;27
232;28
232;29
232;30
232;31
232;32
232;33
232;34
232;35
232;36
232;37
232;38
232;39
232;40
232;41
232;42
232;43
232;44
232;45
232;46
232;47
232;48
232;49
232;50
232;133
232;134
232;135
232;136
232;137
232;138
232;139
232;140
232;141
232;142
232;143
232;144
232;145
232;146
232;147
232;148
232;149
232;150
232;151
232;152
232;153
232;154
232;155
232;156
232;157
232;158
232;159
232;160
232;161
232;162
232;163
232;164
232;165
232;166
232;167
232;168
232;169
232;170
232;203
232;204
232;205
232;206
232;207
232;208
232;209
232;210
232;211
232;212
232;213
232;214
232;215
232;216
232;217
232;218
232;219
232;220
232;221
232;222
232;223
232;224
232;225
232;226
232;227
232;228
232;229
232;230
232;231
232;232
232;233
232;234
232;235
232;236
232;237
232;238
232;239
232;240
232;241
232;242
232;243
232;244
232;245
232;246
232;247
232;248
232;249
232;250
232;251
232;252
232;253
232;254
232;255
232;256
232;257
232;258
232;259
232;260
232;261
232;262
232;263
232;264
232;265
232;266
232;267
232;268
232;269
232;270
232;271
232;272
232;273
232;274
233;16
233;17
233;18
233;19
233;20
233;21
233;22
233;23
233;24
233;25
233;26
233;27
233;28
233;29
233;30
233;31
233;32
233;33
233;34
233;35
233;36
233;37
233;38
233;39
233;40
233;41
233;42
233;43
233;44
233;45
233;46
233;47
233;48
233;49
233;132
233;133
233;134
233;135
233;136
233;137
233;138
233;139
233;140
233;141
233;142
233;143
233;144
233;145
233;146
233;147
233;148
233;149
233;150
233;151
233;152
233;153
233;154
233;155
233;156
233;157
233;158
233;159
233;160
233;161
233;162
233;163
233;164
233;165
233;166
233;167
233;168
233;169
233;170
233;203
233;204
233;205
233;206
233;207
233;208
233;209
233;210
233;211
233;212
233;213
233;214
233;215
233;216
233;217
233;218
233;219
233;220
233;221
233;222
233;223
233;224
233;225
233;226
233;227
233;228
233;229
233;230
233;231
233;232
233;233
233;234
233;235
233;236
233;237
233;238
233;239
233;240
233;241
233;242
233;243
233;244
233;245
233;246
233;247
233;248
233;249
233;250
233;251
233;252
233;253
233;254
233;255
233;256
233;257
233;258
233;259
233;260
233;261
233;262
233;263
233;264
233;265
233;266
233;267
233;268
233;269
233;270
233;271
233;272
233;273
234;15
234;16
234;17
234;18
234;19
234;20
234;21
234;22
234;23
234;24
234;25
234;26
234;27
234;28
234;29
234;30
234;31
234;32
234;33
234;34
234;35
234;36
234;37
234;38
234;39
234;40
234;41
234;42
234;43
234;44
234;45
234;46
234;47
234;48
234;49
234;132
234;133
234;134
234;135
234;136
234;137
234;138
234;139
234;140
234;141
234;142
234;143
234;144
234;145
234;146
234;147
234;148
234;149
234;150
234;151
234;152
234;153
234;154
234;155
234;156
234;157
234;158
234;159
234;160
234;161
234;162
234;163
234;164
234;165
234;166
234;167
234;168
234;169
234;170
234;171
234;204
234;205
234;206
234;207
234;208
234;209
234;210
234;211
234;212
234;213
234;214
234;215
234;216
234;217
234;218
234;219
234;220
234;221
234;222
234;223
234;224
234;225
234;226
234;227
234;228
234;229
234;230
234;231
234;232
234;233
234;234
234;235
234;236
234;237
234;238
234;239
234;240
234;241
234;242
234;243
234;244
234;245
234;246
234;247
234;248
234;249
234;250
234;251
234;252
234;253
234;254
234;255
234;256
234;257
234;258
234;259
234;260
234;261
234;262
234;263
234;264
234;265
234;266
234;267
234;268
234;269
234;270
234;271
234;272
234;273
235;15
235;16
235;17
235;18
235;19
235;20
235;21
235;22
235;23
235;24
235;25
235;26
235;27
235;28
235;29
235;30
235;31
235;32
235;33
235;34
235;35
235;36
235;37
235;38
235;39
235;40
235;41
235;42
235;43
235;44
235;45
235;46
235;47
235;48
235;131
235;132
235;133
235;134
235;135
235;136
235;137
235;138
235;139
235;140
235;141
235;142
235;143
235;144
235;145
235;146
235;147
235;148
235;149
235;150
235;151
235;152
235;153
235;154
235;155
235;156
235;157
235;158
235;159
235;160
235;161
235;162
235;163
235;164
235;165
235;166
235;167
235;168
235;169
235;170
235;171
235;172
235;204
235;205
235;206
235;207
235;208
235;209
235;210
235;211
235;212
235;213
235;214
235;215
235;216
235;217
235;218
235;219
235;220
235;221
235;222
235;223
235;224
235;225
235;226
235;227
235;228
235;229
235;230
235;231
235;232
235;233
235;234
235;235
235;236
235;237
235;238
235;239
235;240
235;241
235;242
235;243
235;244
235;245
235;246
235;247
235;248
235;249
235;250
235;251
235;252
235;253
235;254
235;255
235;256
235;257
235;258
235;259
235;260
235;261
235;262
235;263
235;264
235;265
235;266
235;267
235;268
235;269
235;270
235;271
235;272
236;14
236;15
236;16
236;17
236;18
236;19
236;20
236;21
236;22
236;23
236;24
236;25
236;26
236;27
236;28
236;29
236;30
236;31
236;32
236;33
236;34
236;35
236;36
236;37
236;38
236;39
236;40
236;41
236;42
236;43
236;44
236;45
236;46
236;47
236;48
236;131
236;132
236;133
236;134
236;135
236;136
236;137
236;138
236;139
236;140
236;141
236;142
236;143
236;144
236;145
236;146
236;147
236;148
236;149
236;150
236;151
236;152
236;153
236;154
236;155
236;156
236;157
236;158
236;159
236;160
236;161
236;162
236;163
236;164
236;165
236;166
236;167
236;168
236;169
236;170
236;171
236;172
236;204
236;205
236;206
236;207
236;208
236;209
236;210
236;211
236;212
236;213
236;214
236;215
236;216
236;217
236;218
236;219
236;220
236;221
236;222
236;223
236;224
236;225
236;226
236;227
236;228
236;229
236;230
236;231
236;232
236;233
236;234
236;235
236;236
236;237
236;238
236;239
236;240
236;241
236;242
236;243
236;244
236;245
236;246
236;247
236;248
236;249
236;250
236;251
236;252
236;253
236;254
236;255
236;256
236;257
236;258
236;259
236;260
236;261
236;262
236;263
236;264
236;265
236;266
236;267
236;268
236;269
236;270
236;271
237;14
237;15
237;16
237;17
237;18
237;19
237;20
237;21
237;22
237;23
237;24
237;25
237;26
237;27
237;28
237;29
237;30
237;31
237;32
237;33
237;34
237;35
237;36
237;37
237;38
237;39
237;40
237;41
237;42
237;43
237;44
237;45
237;46
237;47
237;130
237;131
237;132
237;133
237;134
237;135
237;136
237;137
237;138
237;139
237;140
237;141
237;142
237;143
237;144
237;145
237;146
237;147
237;148
237;149
237;150
237;151
237;152
237;153
237;154
237;155
237;156
237;157
237;158
237;159
237;160
237;161
237;162
237;163
237;164
237;165
237;166
237;167
237;168
237;169
237;170
237;171
237;172
237;205
237;206
237;207
237;208
237;209
237;210
237;211
237;212
237;213
237;214
237;215
237;216
237;217
237;218
237;219
237;220
237;221
237;222
237;223
237;224
237;225
237;226
237;227
237;228
237;229
237;230
237;231
237;232
237;233
237;234
237;235
237;236
237;237
237;238
237;239
237;240
237;241
237;242
237;243
237;244
237;245
237;246
237;247
237;248
237;249
237;250
237;251
237;252
237;253
237;254
237;255
237;256
237;257
237;258
237;259
237;260
237;261
237;262
237;263
237;264
237;265
237;266
237;267
237;268
237;269
237;270
238;13
238;14
238;15
238;16
238;17
238;18
238;19
238;20
238;21
238;22
238;23
238;24
238;25
238;26
238;27
238;28
238;29
238;30
238;31
238;32
238;33
238;34
238;35
238;36
238;37
238;38
238;39
238;40
238;41
238;42
238;43
238;44
238;45
238;46
238;47
238;130
238;131
238;132
238;133
238;134
238;135
238;136
238;137
238;138
238;139
238;140
238;141
238;142
238;143
238;144
238;145
238;146
238;147
238;148
238;149
238;150
238;151
238;152
238;153
238;154
238;155
238;156
238;157
238;158
238;159
238;160
238;161
238;162
238;163
238;164
238;165
238;166
238;167
238;168
238;169
238;170
238;171
238;172
238;173
238;205
238;206
238;207
238;208
238;209
238;210
238;211
238;212
238;213
238;214
238;215
238;216
238;217
238;218
238;219
238;220
238;221
238;222
238;223
238;224
238;225
238;226
238;227
238;228
238;229
238;230
238;231
238;232
238;233
238;234
238;235
238;236
238;237
238;238
238;239
238;240
238;241
238;242
238;243
238;244
238;245
238;246
238;247
238;248
238;249
238;250
238;251
238;252
238;253
238;254
238;255
238;256
238;257
238;258
238;259
238;260
238;261
238;262
238;263
238;264
238;265
238;266
238;267
238;268
238;269
239;12
239;13
239;14
239;15
239;16
239;17
239;18
239;19
239;20
239;21
239;22
239;23
239;24
239;25
239;26
239;27
239;28
239;29
239;30
239;31
239;32
239;33
239;34
239;35
239;36
239;37
239;38
239;39
239;40
239;41
239;42
239;43
239;44
239;45
239;46
239;129
239;130
239;131
239;132
239;133
239;134
239;135
239;136
239;137
239;138
239;139
239;140
239;141
239;142
239;143
239;144
239;145
239;146
239;147
239;148
239;149
239;150
239;151
239;152
239;153
239;154
239;155
239;156
239;157
239;158
239;159
239;160
239;161
239;162
239;163
239;164
239;165
239;166
239;167
239;168
239;169
239;170
239;171
239;172
239;173
239;205
239;206
239;207
239;208
239;209
239;210
239;211
239;212
239;213
239;214
239;215
239;216
239;217
239;218
239;219
239;220
239;221
239;222
239;223
239;224
239;225
239;226
239;227
239;228
239;229
239;230
239;231
239;232
239;233
239;234
239;235
239;236
239;237
239;238
239;239
239;240
239;241
239;242
239;243
239;244
239;245
239;246
239;247
239;248
239;249
239;250
239;251
239;252
239;253
239;254
239;255
239;256
239;257
239;258
239;259
239;260
239;261
239;262
239;263
239;264
239;265
239;266
239;267
239;268
240;12
240;13
240;14
240;15
240;16
240;17
240;18
240;19
240;20
240;21
240;22
240;23
240;24
240;25
240;26
240;27
240;28
240;29
240;30
240;31
240;32
240;33
240;34
240;35
240;36
240;37
240;38
240;39
240;40
240;41
240;42
240;43
240;44
240;45
240;46
240;129
240;130
240;131
240;132
240;133
240;134
240;135
240;136
240;137
240;138
240;139
240;140
240;141
240;142
240;143
240;144
240;145
240;146
240;147
240;148
240;149
240;150
240;151
240;152
240;153
240;154
240;155
240;156
240;157
240;158
240;159
240;160
240;161
240;162
240;163
240;164
240;165
240;166
240;167
240;168
240;169
240;170
240;171
240;172
240;173
240;174
240;206
240;207
240;208
240;209
240;210
240;211
240;212
240;213
240;214
240;215
240;216
240;217
240;218
240;219
240;220
240;221
240;222
240;223
240;224
240;225
240;226
240;227
240;228
240;229
240;230
240;231
240;232
240;233
240;234
240;235
240;236
240;237
240;238
240;239
240;240
240;241
240;242
240;243
240;244
240;245
240;246
240;247
240;248
240;249
240;250
240;251
240;252
240;253
240;254
240;255
240;256
240;257
240;258
240;259
240;260
240;261
240;262
240;263
240;264
240;265
240;266
240;267
240;268
241;11
241;12
241;13
241;14
241;15
241;16
241;17
241;18
241;19
241;20
241;21
241;22
241;23
241;24
241;25
241;26
241;27
241;28
241;29
241;30
241;31
241;32
241;33
241;34
241;35
241;36
241;37
241;38
241;39
241;40
241;41
241;42
241;43
241;44
241;45
241;129
241;130
241;131
241;132
241;133
241;134
241;135
241;136
241;137
241;138
241;139
241;140
241;141
241;142
241;143
241;144
241;145
241;146
241;147
241;148
241;149
241;150
241;151
241;152
241;153
241;154
241;155
241;156
241;157
241;158
241;159
241;160
241;161
241;162
241;163
241;164
241;165
241;166
241;167
241;168
241;169
241;170
241;171
241;172
241;173
241;174
241;206
241;207
241;208
241;209
241;210
241;211
241;212
241;213
241;214
241;215
241;216
241;217
241;218
241;219
241;220
241;221
241;222
241;223
241;224
241;225
241;226
241;227
241;228
241;229
241;230
241;231
241;232
241;233
241;234
241;235
241;236
241;237
241;238
241;239
241;240
241;241
241;242
241;243
241;244
241;245
241;246
241;247
241;248
241;249
241;250
241;251
241;252
241;253
241;254
241;255
241;256
241;257
241;258
241;259
241;260
241;261
241;262
241;263
241;264
241;265
241;266
241;267
242;12
242;13
242;14
242;15
242;16
242;17
242;18
242;19
242;20
242;21
242;22
242;23
242;24
242;25
242;26
242;27
242;28
242;29
242;30
242;31
242;32
242;33
242;34
242;35
242;36
242;37
242;38
242;39
242;40
242;41
242;42
242;43
242;44
242;45
242;129
242;130
242;131
242;132
242;133
242;134
242;135
242;136
242;137
242;138
242;139
242;140
242;141
242;142
242;143
242;144
242;145
242;146
242;147
242;148
242;149
242;150
242;151
242;152
242;153
242;154
242;155
242;156
242;157
242;158
242;159
242;160
242;161
242;162
242;163
242;164
242;165
242;166
242;167
242;168
242;169
242;170
242;171
242;172
242;173
242;174
242;206
242;207
242;208
242;209
242;210
242;211
242;212
242;213
242;214
242;215
242;216
242;217
242;218
242;219
242;220
242;221
242;222
242;223
242;224
242;225
242;226
242;227
242;228
242;229
242;230
242;231
242;232
242;233
242;234
242;235
242;236
242;237
242;238
242;239
242;240
242;241
242;242
242;243
242;244
242;245
242;246
242;247
242;248
242;249
242;250
242;251
242;252
242;253
242;254
242;255
242;256
242;257
242;258
242;259
242;260
242;261
242;262
242;263
242;264
242;265
242;266
243;14
243;15
243;16
243;17
243;18
243;19
243;20
243;21
243;22
243;23
243;24
243;25
243;26
243;27
243;28
243;29
243;30
243;31
243;32
243;33
243;34
243;35
243;36
243;37
243;38
243;39
243;40
243;41
243;42
243;43
243;44
243;128
243;129
243;130
243;131
243;132
243;133
243;134
243;135
243;136
243;137
243;138
243;139
243;140
243;141
243;142
243;143
243;144
243;145
243;146
243;147
243;148
243;149
243;150
243;151
243;152
243;153
243;154
243;155
243;156
243;157
243;158
243;159
243;160
243;161
243;162
243;163
243;164
243;165
243;166
243;167
243;168
243;169
243;170
243;171
243;172
243;173
243;174
243;207
243;208
243;209
243;210
243;211
243;212
243;213
243;214
243;215
243;216
243;217
243;218
243;219
243;220
243;221
243;222
243;223
243;224
243;225
243;226
243;227
243;228
243;229
243;230
243;231
243;232
243;233
243;234
243;235
243;236
243;237
243;238
243;239
243;240
243;241
243;242
243;243
243;244
243;245
243;246
243;247
243;248
243;249
243;250
243;251
243;252
243;253
243;254
243;255
243;256
243;257
243;258
243;259
243;260
243;261
243;262
243;263
243;264
243;265
244;16
244;17
244;18
244;19
244;20
244;21
244;22
244;23
244;24
244;25
244;26
244;27
244;28
244;29
244;30
244;31
244;32
244;33
244;34
244;35
244;36
244;37
244;38
244;39
244;40
244;41
244;42
244;43
244;44
244;128
244;129
244;130
244;131
244;132
244;133
244;134
244;135
244;136
244;137
244;138
244;139
244;140
244;141
244;142
244;143
244;144
244;145
244;146
244;147
244;148
244;149
244;150
244;151
244;152
244;153
244;154
244;155
244;156
244;157
244;158
244;159
244;160
244;161
244;162
244;163
244;164
244;165
244;166
244;167
244;168
244;169
244;170
244;171
244;172
244;173
244;174
244;207
244;208
244;209
244;210
244;211
244;212
244;213
244;214
244;215
244;216
244;217
244;218
244;219
244;220
244;221
244;222
244;223
244;224
244;225
244;226
244;227
244;228
244;229
244;230
244;231
244;232
244;233
244;234
244;235
244;236
244;237
244;238
244;239
244;240
244;241
244;242
244;243
244;244
244;245
244;246
244;247
244;248
244;249
244;250
244;251
244;252
244;253
244;254
244;255
244;256
244;257
244;258
244;259
244;260
244;261
244;262
244;263
244;264
245;18
245;19
245;20
245;21
245;22
245;23
245;24
245;25
245;26
245;27
245;28
245;29
245;30
245;31
245;32
245;33
245;34
245;35
245;36
245;37
245;38
245;39
245;40
245;41
245;42
245;43
245;128
245;129
245;130
245;131
245;132
245;133
245;134
245;135
245;136
245;137
245;138
245;139
245;140
245;141
245;142
245;143
245;144
245;145
245;146
245;147
245;148
245;149
245;150
245;151
245;152
245;153
245;154
245;155
245;156
245;157
245;158
245;159
245;160
245;161
245;162
245;163
245;164
245;165
245;166
245;167
245;168
245;169
245;170
245;171
245;172
245;173
245;174
245;207
245;208
245;209
245;210
245;211
245;212
245;213
245;214
245;215
245;216
245;217
245;218
245;219
245;220
245;221
245;222
245;223
245;224
245;225
245;226
245;227
245;228
245;229
245;230
245;231
245;232
245;233
245;234
245;235
245;236
245;237
245;238
245;239
245;240
245;241
245;242
245;243
245;244
245;245
245;246
245;247
245;248
245;249
245;250
245;251
245;252
245;253
245;254
245;255
245;256
245;257
245;258
245;259
245;260
245;261
245;262
245;263
246;19
246;20
246;21
246;22
246;23
246;24
246;25
246;26
246;27
246;28
246;29
246;30
246;31
246;32
246;33
246;34
246;35
246;36
246;37
246;38
246;39
246;40
246;41
246;42
246;128
246;129
246;130
246;131
246;132
246;133
246;134
246;135
246;136
246;137
246;138
246;139
246;140
246;141
246;142
246;143
246;144
246;145
246;146
246;147
246;148
246;149
246;150
246;151
246;152
246;153
246;154
246;155
246;156
246;157
246;158
246;159
246;160
246;161
246;162
246;163
246;164
246;165
246;166
246;167
246;168
246;169
246;170
246;171
246;172
246;173
246;174
246;208
246;209
246;210
246;211
246;212
246;213
246;214
246;215
246;216
246;217
246;218
246;219
246;220
246;221
246;222
246;223
246;224
246;225
246;226
246;227
246;228
246;229
246;230
246;231
246;232
246;233
246;234
246;235
246;236
246;237
246;238
246;239
246;240
246;241
246;242
246;243
246;244
246;245
246;246
246;247
246;248
246;249
246;250
246;251
246;252
246;253
246;254
246;255
246;256
246;257
246;258
246;259
246;260
246;261
246;262
246;263
247;21
247;22
247;23
247;24
247;25
247;26
247;27
247;28
247;29
247;30
247;31
247;32
247;33
247;34
247;35
247;36
247;37
247;38
247;39
247;40
247;41
247;42
247;128
247;129
247;130
247;131
247;132
247;133
247;134
247;135
247;136
247;137
247;138
247;139
247;140
247;141
247;142
247;143
247;144
247;145
247;146
247;147
247;148
247;149
247;150
247;151
247;152
247;153
247;154
247;155
247;156
247;157
247;158
247;159
247;160
247;161
247;162
247;163
247;164
247;165
247;166
247;167
247;168
247;169
247;170
247;171
247;172
247;173
247;174
247;208
247;209
247;210
247;211
247;212
247;213
247;214
247;215
247;216
247;217
247;218
247;219
247;220
247;221
247;222
247;223
247;224
247;225
247;226
247;227
247;228
247;229
247;230
247;231
247;232
247;233
247;234
247;235
247;236
247;237
247;238
247;239
247;240
247;241
247;242
247;243
247;244
247;245
247;246
247;247
247;248
247;249
247;250
247;251
247;252
247;253
247;254
247;255
247;256
247;257
247;258
247;259
247;260
247;261
247;262
248;23
248;24
248;25
248;26
248;27
248;28
248;29
248;30
248;31
248;32
248;33
248;34
248;35
248;36
248;37
248;38
248;39
248;40
248;41
248;128
248;129
248;130
248;131
248;132
248;133
248;134
248;135
248;136
248;137
248;138
248;139
248;140
248;141
248;142
248;143
248;144
248;145
248;146
248;147
248;148
248;149
248;150
248;151
248;152
248;153
248;154
248;155
248;156
248;157
248;158
248;159
248;160
248;161
248;162
248;163
248;164
248;165
248;166
248;167
248;168
248;169
248;170
248;171
248;172
248;173
248;174
248;208
248;209
248;210
248;211
248;212
248;213
248;214
248;215
248;216
248;217
248;218
248;219
248;220
248;221
248;222
248;223
248;224
248;225
248;226
248;227
248;228
248;229
248;230
248;231
248;232
248;233
248;234
248;235
248;236
248;237
248;238
248;239
248;240
248;241
248;242
248;243
248;244
248;245
248;246
248;247
248;248
248;249
248;250
248;251
248;252
248;253
248;254
248;255
248;256
248;257
248;258
248;259
248;260
248;261
249;25
249;26
249;27
249;28
249;29
249;30
249;31
249;32
249;33
249;34
249;35
249;36
249;37
249;38
249;39
249;40
249;41
249;128
249;129
249;130
249;131
249;132
249;133
249;134
249;135
249;136
249;137
249;138
249;139
249;140
249;141
249;142
249;143
249;144
249;145
249;146
249;147
249;148
249;149
249;150
249;151
249;152
249;153
249;154
249;155
249;156
249;157
249;158
249;159
249;160
249;161
249;162
249;163
249;164
249;165
249;166
249;167
249;168
249;169
249;170
249;171
249;172
249;173
249;174
249;209
249;210
249;211
249;212
249;213
249;214
249;215
249;216
249;217
249;218
249;219
249;220
249;221
249;222
249;223
249;224
249;225
249;226
249;227
249;228
249;229
249;230
249;231
249;232
249;233
249;234
249;235
249;236
249;237
249;238
249;239
249;240
249;241
249;242
249;243
249;244
249;245
249;246
249;247
249;248
249;249
249;250
249;251
249;252
249;253
249;254
249;255
249;256
249;257
249;258
249;259
249;260
250;27
250;28
250;29
250;30
250;31
250;32
250;33
250;34
250;35
250;36
250;37
250;38
250;39
250;40
250;129
250;130
250;131
250;132
250;133
250;134
250;135
250;136
250;137
250;138
250;139
250;140
250;141
250;142
250;143
250;144
250;145
250;146
250;147
250;148
250;149
250;150
250;151
250;152
250;153
250;154
250;155
250;156
250;157
250;158
250;159
250;160
250;161
250;162
250;163
250;164
250;165
250;166
250;167
250;168
250;169
250;170
250;171
250;172
250;173
250;174
250;209
250;210
250;211
250;212
250;213
250;214
250;215
250;216
250;217
250;218
250;219
250;220
250;221
250;222
250;223
250;224
250;225
250;226
250;227
250;228
250;229
250;230
250;231
250;232
250;233
250;234
250;235
250;236
250;237
250;238
250;239
250;240
250;241
250;242
250;243
250;244
250;245
250;246
250;247
250;248
250;249
250;250
250;251
250;252
250;253
250;254
250;255
250;256
250;257
250;258
250;259
251;29
251;30
251;31
251;32
251;33
251;34
251;35
251;36
251;37
251;38
251;39
251;40
251;129
251;130
251;131
251;132
251;133
251;134
251;135
251;136
251;137
251;138
251;139
251;140
251;141
251;142
251;143
251;144
251;145
251;146
251;147
251;148
251;149
251;150
251;151
251;152
251;153
251;154
251;155
251;156
251;157
251;158
251;159
251;160
251;161
251;162
251;163
251;164
251;165
251;166
251;167
251;168
251;169
251;170
251;171
251;172
251;173
251;174
251;209
251;210
251;211
251;212
251;213
251;214
251;215
251;216
251;217
251;218
251;219
251;220
251;221
251;222
251;223
251;224
251;225
251;226
251;227
251;228
251;229
251;230
251;231
251;232
251;233
251;234
251;235
251;236
251;237
251;238
251;239
251;240
251;241
251;242
251;243
251;244
251;245
251;246
251;247
251;248
251;249
251;250
251;251
251;252
251;253
251;254
251;255
251;256
251;257
251;258
252;31
252;32
252;33
252;34
252;35
252;36
252;37
252;38
252;39
252;129
252;130
252;131
252;132
252;133
252;134
252;135
252;136
252;137
252;138
252;139
252;140
252;141
252;142
252;143
252;144
252;145
252;146
252;147
252;148
252;149
252;150
252;151
252;152
252;153
252;154
252;155
252;156
252;157
252;158
252;159
252;160
252;161
252;162
252;163
252;164
252;165
252;166
252;167
252;168
252;169
252;170
252;171
252;172
252;173
252;174
252;209
252;210
252;211
252;212
252;213
252;214
252;215
252;216
252;217
252;218
252;219
252;220
252;221
252;222
252;223
252;224
252;225
252;226
252;227
252;228
252;229
252;230
252;231
252;232
252;233
252;234
252;235
252;236
252;237
252;238
252;239
252;240
252;241
252;242
252;243
252;244
252;245
252;246
252;247
252;248
252;249
252;250
252;251
252;252
252;253
252;254
252;255
252;256
252;257
252;258
253;33
253;34
253;35
253;36
253;37
253;38
253;39
253;129
253;130
253;131
253;132
253;133
253;134
253;135
253;136
253;137
253;138
253;139
253;140
253;141
253;142
253;143
253;144
253;145
253;146
253;147
253;148
253;149
253;150
253;151
253;152
253;153
253;154
253;155
253;156
253;157
253;158
253;159
253;160
253;161
253;162
253;163
253;164
253;165
253;166
253;167
253;168
253;169
253;170
253;171
253;172
253;173
253;210
253;211
253;212
253;213
253;214
253;215
253;216
253;217
253;218
253;219
253;220
253;221
253;222
253;223
253;224
253;225
253;226
253;227
253;228
253;229
253;230
253;231
253;232
253;233
253;234
253;235
253;236
253;237
253;238
253;239
253;240
253;241
253;242
253;243
253;244
253;245
253;246
253;247
253;248
253;249
253;250
253;251
253;252
253;253
253;254
253;255
253;256
253;257
254;35
254;36
254;37
254;38
254;130
254;131
254;132
254;133
254;134
254;135
254;136
254;137
254;138
254;139
254;140
254;141
254;142
254;143
254;144
254;145
254;146
254;147
254;148
254;149
254;150
254;151
254;152
254;153
254;154
254;155
254;156
254;157
254;158
254;159
254;160
254;161
254;162
254;163
254;164
254;165
254;166
254;167
254;168
254;169
254;170
254;171
254;172
254;173
254;210
254;211
254;212
254;213
254;214
254;215
254;216
254;217
254;218
254;219
254;220
254;221
254;222
254;223
254;224
254;225
254;226
254;227
254;228
254;229
254;230
254;231
254;232
254;233
254;234
254;235
254;236
254;237
254;238
254;239
254;240
254;241
254;242
254;243
254;244
254;245
254;246
254;247
254;248
254;249
254;250
254;251
254;252
254;253
254;254
254;255
254;256
255;37
255;38
255;130
255;131
255;132
255;133
255;134
255;135
255;136
255;137
255;138
255;139
255;140
255;141
255;142
255;143
255;144
255;145
255;146
255;147
255;148
255;149
255;150
255;151
255;152
255;153
255;154
255;155
255;156
255;157
255;158
255;159
255;160
255;161
255;162
255;163
255;164
255;165
255;166
255;167
255;168
255;169
255;170
255;171
255;172
255;173
255;210
255;211
255;212
255;213
255;214
255;215
255;216
255;217
255;218
255;219
255;220
255;221
255;222
255;223
255;224
255;225
255;226
255;227
255;228
255;229
255;230
255;231
255;232
255;233
255;234
255;235
255;236
255;237
255;238
255;239
255;240
255;241
255;242
255;243
255;244
255;245
255;246
255;247
255;248
255;249
255;250
255;251
255;252
255;253
255;254
255;255
256;130
256;131
256;132
256;133
256;134
256;135
256;136
256;137
256;138
256;139
256;140
256;141
256;142
256;143
256;144
256;145
256;146
256;147
256;148
256;149
256;150
256;151
256;152
256;153
256;154
256;155
256;156
256;157
256;158
256;159
256;160
256;161
256;162
256;163
256;164
256;165
256;166
256;167
256;168
256;169
256;170
256;171
256;172
256;211
256;212
256;213
256;214
256;215
256;216
256;217
256;218
256;219
256;220
256;221
256;222
256;223
256;224
256;225
256;226
256;227
256;228
256;229
256;230
256;231
256;232
256;233
256;234
256;235
256;236
256;237
256;238
256;239
256;240
256;241
256;242
256;243
256;244
256;245
256;246
256;247
256;248
256;249
256;250
256;251
256;252
256;253
256;254
257;131
257;132
257;133
257;134
257;135
257;136
257;137
257;138
257;139
257;140
257;141
257;142
257;143
257;144
257;145
257;146
257;147
257;148
257;149
257;150
257;151
257;152
257;153
257;154
257;155
257;156
257;157
257;158
257;159
257;160
257;161
257;162
257;163
257;164
257;165
257;166
257;167
257;168
257;169
257;170
257;171
257;172
257;211
257;212
257;213
257;214
257;215
257;216
257;217
257;218
257;219
257;220
257;221
257;222
257;223
257;224
257;225
257;226
257;227
257;228
257;229
257;230
257;231
257;232
257;233
257;234
257;235
257;236
257;237
257;238
257;239
257;240
257;241
257;242
257;243
257;244
257;245
257;246
257;247
257;248
257;249
257;250
257;251
257;252
257;253
258;131
258;132
258;133
258;134
258;135
258;136
258;137
258;138
258;139
258;140
258;141
258;142
258;143
258;144
258;145
258;146
258;147
258;148
258;149
258;150
258;151
258;152
258;153
258;154
258;155
258;156
258;157
258;158
258;159
258;160
258;161
258;162
258;163
258;164
258;165
258;166
258;167
258;168
258;169
258;170
258;171
258;211
258;212
258;213
258;214
258;215
258;216
258;217
258;218
258;219
258;220
258;221
258;222
258;223
258;224
258;225
258;226
258;227
258;228
258;229
258;230
258;231
258;232
258;233
258;234
258;235
258;236
258;237
258;238
258;239
258;240
258;241
258;242
258;243
258;244
258;245
258;246
258;247
258;248
258;249
258;250
258;251
258;252
258;253
259;132
259;133
259;134
259;135
259;136
259;137
259;138
259;139
259;140
259;141
259;142
259;143
259;144
259;145
259;146
259;147
259;148
259;149
259;150
259;151
259;152
259;153
259;154
259;155
259;156
259;157
259;158
259;159
259;160
259;161
259;162
259;163
259;164
259;165
259;166
259;167
259;168
259;169
259;170
259;171
259;212
259;213
259;214
259;215
259;216
259;217
259;218
259;219
259;220
259;221
259;222
259;223
259;224
259;225
259;226
259;227
259;228
259;229
259;230
259;231
259;232
259;233
259;234
259;235
259;236
259;237
259;238
259;239
259;240
259;241
259;242
259;243
259;244
259;245
259;246
259;247
259;248
259;249
259;250
259;251
259;252
260;133
260;134
260;135
260;136
260;137
260;138
260;139
260;140
260;141
260;142
260;143
260;144
260;145
260;146
260;147
260;148
260;149
260;150
260;151
260;152
260;153
260;154
260;155
260;156
260;157
260;158
260;159
260;160
260;161
260;162
260;163
260;164
260;165
260;166
260;167
260;168
260;169
260;170
260;212
260;213
260;214
260;215
260;216
260;217
260;218
260;219
260;220
260;221
260;222
260;223
260;224
260;225
260;226
260;227
260;228
260;229
260;230
260;231
260;232
260;233
260;234
260;235
260;236
260;237
260;238
260;239
260;240
260;241
260;242
260;243
260;244
260;245
260;246
260;247
260;248
260;249
260;250
260;251
261;134
261;135
261;136
261;137
261;138
261;139
261;140
261;141
261;142
261;143
261;144
261;145
261;146
261;147
261;148
261;149
261;150
261;151
261;152
261;153
261;154
261;155
261;156
261;157
261;158
261;159
261;160
261;161
261;162
261;163
261;164
261;165
261;166
261;167
261;168
261;169
261;212
261;213
261;214
261;215
261;216
261;217
261;218
261;219
261;220
261;221
261;222
261;223
261;225
261;226
261;227
261;228
261;229
261;230
261;231
261;232
261;233
261;234
261;235
261;236
261;237
261;238
261;239
261;240
261;241
261;242
261;243
261;244
261;245
261;246
261;247
261;248
261;249
261;250
262;134
262;135
262;136
262;137
262;138
262;139
262;140
262;141
262;142
262;143
262;144
262;145
262;146
262;147
262;148
262;149
262;150
262;151
262;152
262;153
262;154
262;155
262;156
262;157
262;158
262;159
262;160
262;161
262;162
262;163
262;164
262;165
262;166
262;167
262;168
262;213
262;214
262;215
262;216
262;217
262;218
262;219
262;220
262;225
262;226
262;227
262;228
262;229
262;230
262;231
262;232
262;233
262;234
262;235
262;236
262;237
262;238
262;239
262;240
262;241
262;242
262;243
262;244
262;245
262;246
262;247
262;248
262;249
263;135
263;136
263;137
263;138
263;139
263;140
263;141
263;142
263;143
263;144
263;145
263;146
263;147
263;148
263;149
263;150
263;151
263;152
263;153
263;154
263;155
263;156
263;157
263;158
263;159
263;160
263;161
263;162
263;163
263;164
263;165
263;166
263;167
263;213
263;214
263;215
263;216
263;217
263;226
263;227
263;228
263;229
263;230
263;231
263;232
263;233
263;234
263;235
263;236
263;237
263;238
263;239
263;240
263;241
263;242
263;243
263;244
263;245
263;246
263;247
263;248
263;249
264;136
264;137
264;138
264;139
264;140
264;141
264;142
264;143
264;144
264;145
264;146
264;147
264;148
264;149
264;150
264;151
264;152
264;153
264;154
264;155
264;156
264;157
264;158
264;159
264;160
264;161
264;162
264;163
264;164
264;165
264;166
264;213
264;214
264;226
264;227
264;228
264;229
264;230
264;231
264;232
264;233
264;234
264;235
264;236
264;237
264;238
264;239
264;240
264;241
264;242
264;243
264;244
264;245
264;246
264;247
264;248
265;138
265;139
265;140
265;141
265;142
265;143
265;144
265;145
265;146
265;147
265;148
265;149
265;150
265;151
265;152
265;153
265;154
265;155
265;156
265;157
265;158
265;159
265;160
265;161
265;162
265;163
265;164
265;165
265;227
265;228
265;229
265;230
265;231
265;232
265;233
265;234
265;235
265;236
265;237
265;238
265;239
265;240
265;241
265;242
265;243
265;244
265;245
265;246
265;247
266;139
266;140
266;141
266;142
266;143
266;144
266;145
266;146
266;147
266;148
266;149
266;150
266;151
266;152
266;153
266;154
266;155
266;156
266;157
266;158
266;159
266;160
266;161
266;162
266;163
266;227
266;228
266;229
266;230
266;231
266;232
266;233
266;234
266;235
266;236
266;237
266;238
266;239
266;240
266;241
266;242
266;243
266;244
266;245
266;246
267;44
267;45
267;46
267;47
267;48
267;141
267;142
267;143
267;144
267;145
267;146
267;147
267;148
267;149
267;150
267;151
267;152
267;153
267;154
267;155
267;156
267;157
267;158
267;159
267;160
267;161
267;162
267;227
267;228
267;229
267;230
267;231
267;232
267;233
267;234
267;235
267;236
267;237
267;238
267;239
267;240
267;241
267;242
267;243
267;244
267;245
268;41
268;42
268;43
268;44
268;45
268;46
268;47
268;48
268;49
268;50
268;51
268;143
268;144
268;145
268;146
268;147
268;148
268;149
268;150
268;151
268;152
268;153
268;154
268;155
268;156
268;157
268;158
268;159
268;160
268;228
268;229
268;230
268;231
268;232
268;233
268;234
268;235
268;236
268;237
268;238
268;239
268;240
268;241
268;242
268;243
268;244
269;39
269;40
269;41
269;42
269;43
269;44
269;45
269;46
269;47
269;48
269;49
269;50
269;51
269;52
269;53
269;146
269;147
269;148
269;149
269;150
269;151
269;152
269;153
269;154
269;155
269;156
269;157
269;228
269;229
269;230
269;231
269;232
269;233
269;234
269;235
269;236
269;237
269;238
269;239
269;240
269;241
269;242
269;243
269;244
270;38
270;39
270;40
270;41
270;42
270;43
270;44
270;45
270;46
270;47
270;48
270;49
270;50
270;51
270;52
270;53
270;54
270;228
270;229
270;230
270;231
270;232
270;233
270;234
270;235
270;236
270;237
270;238
270;239
270;240
270;241
270;242
270;243
271;37
271;38
271;39
271;40
271;41
271;42
271;43
271;44
271;45
271;46
271;47
271;48
271;49
271;50
271;51
271;52
271;53
271;54
271;55
271;229
271;230
271;231
271;232
271;233
271;234
271;235
271;236
271;237
271;238
271;239
271;240
271;241
271;242
272;36
272;37
272;38
272;39
272;40
272;41
272;42
272;43
272;44
272;45
272;46
272;47
272;48
272;49
272;50
272;51
272;52
272;53
272;54
272;55
272;56
272;229
272;230
272;231
272;232
272;233
272;234
272;235
272;236
272;237
272;238
272;239
272;240
272;241
273;35
273;36
273;37
273;38
273;39
273;40
273;41
273;42
273;43
273;44
273;45
273;46
273;47
273;48
273;49
273;50
273;51
273;52
273;53
273;54
273;55
273;56
273;57
273;229
273;230
273;231
273;232
273;233
273;234
273;235
273;236
273;237
273;238
273;239
273;240
274;35
274;36
274;37
274;38
274;39
274;40
274;41
274;42
274;43
274;44
274;45
274;46
274;47
274;48
274;49
274;50
274;51
274;52
274;53
274;54
274;55
274;56
274;57
274;230
274;231
274;232
274;233
274;234
274;235
274;236
274;237
274;238
274;239
275;34
275;35
275;36
275;37
275;38
275;39
275;40
275;41
275;42
275;43
275;44
275;45
275;46
275;47
275;48
275;49
275;50
275;51
275;52
275;53
275;54
275;55
275;56
275;57
275;58
275;230
275;231
275;232
275;233
275;234
275;235
275;236
275;237
275;238
275;239
276;34
276;35
276;36
276;37
276;38
276;39
276;40
276;41
276;42
276;43
276;44
276;45
276;46
276;47
276;48
276;49
276;50
276;51
276;52
276;53
276;54
276;55
276;56
276;57
276;58
276;231
276;232
276;233
276;234
276;235
276;236
276;237
276;238
277;34
277;35
277;36
277;37
277;38
277;39
277;40
277;41
277;42
277;43
277;44
277;45
277;46
277;47
277;48
277;49
277;50
277;51
277;52
277;53
277;54
277;55
277;56
277;57
277;58
277;231
277;232
277;233
277;234
277;235
277;236
277;237
278;34
278;35
278;36
278;37
278;38
278;39
278;40
278;41
278;42
278;43
278;44
278;45
278;46
278;47
278;48
278;49
278;50
278;51
278;52
278;53
278;54
278;55
278;56
278;57
278;58
278;231
278;232
278;233
278;234
278;235
278;236
279;34
279;35
279;36
279;37
279;38
279;39
279;40
279;41
279;42
279;43
279;44
279;45
279;46
279;47
279;48
279;49
279;50
279;51
279;52
279;53
279;54
279;55
279;56
279;57
279;58
279;232
279;233
279;234
279;235
280;34
280;35
280;36
280;37
280;38
280;39
280;40
280;41
280;42
280;43
280;44
280;45
280;46
280;47
280;48
280;49
280;50
280;51
280;52
280;53
280;54
280;55
280;56
280;57
280;58
280;232
280;233
280;234
281;34
281;35
281;36
281;37
281;38
281;39
281;40
281;41
281;42
281;43
281;44
281;45
281;46
281;47
281;48
281;49
281;50
281;51
281;52
281;53
281;54
281;55
281;56
281;57
281;58
281;232
281;233
281;234
282;34
282;35
282;36
282;37
282;38
282;39
282;40
282;41
282;42
282;43
282;44
282;45
282;46
282;47
282;48
282;49
282;50
282;51
282;52
282;53
282;54
282;55
282;56
282;57
282;58
282;233
283;34
283;35
283;36
283;37
283;38
283;39
283;40
283;41
283;42
283;43
283;44
283;45
283;46
283;47
283;48
283;49
283;50
283;51
283;52
283;53
283;54
283;55
283;56
283;57
283;58
284;34
284;35
284;36
284;37
284;38
284;39
284;40
284;41
284;42
284;43
284;44
284;45
284;46
284;47
284;48
284;49
284;50
284;51
284;52
284;53
284;54
284;55
284;56
284;57
284;58
285;35
285;36
285;37
285;38
285;39
285;40
285;41
285;42
285;43
285;44
285;45
285;46
285;47
285;48
285;49
285;50
285;51
285;52
285;53
285;54
285;55
285;56
285;57
286;35
286;36
286;37
286;38
286;39
286;40
286;41
286;42
286;43
286;44
286;45
286;46
286;47
286;48
286;49
286;50
286;51
286;52
286;53
286;54
286;55
286;56
286;57
287;36
287;37
287;38
287;39
287;40
287;41
287;42
287;43
287;44
287;45
287;46
287;47
287;48
287;49
287;50
287;51
287;52
287;53
287;54
287;55
287;56
288;37
288;38
288;39
288;40
288;41
288;42
288;43
288;44
288;45
288;46
288;47
288;48
288;49
288;50
288;51
288;52
288;53
288;54
288;55
289;38
289;39
289;40
289;41
289;42
289;43
289;44
289;45
289;46
289;47
289;48
289;49
289;50
289;51
289;52
289;53
289;54
290;39
290;40
290;41
290;42
290;43
290;44
290;45
290;46
290;47
290;48
290;49
290;50
290;51
290;52
290;53
291;41
291;42
291;43
291;44
291;45
291;46
291;47
291;48
291;49
291;50
291;51
292;43
292;44
292;45
292;46
292;47
292;48
292;49
