186;215;106;74;93;167
0;16
0;17
0;18
0;19
0;20
0;21
0;22
0;23
0;24
0;25
0;26
0;27
0;200
0;201
0;202
0;203
0;204
0;205
0;206
0;207
0;208
0;209
0;210
0;211
0;212
0;213
0;214
1;15
1;16
1;17
1;18
1;19
1;20
1;21
1;22
1;23
1;24
1;25
1;26
1;27
1;28
1;200
1;201
1;202
1;203
1;204
1;205
1;206
1;207
1;208
1;209
1;210
1;211
1;212
1;213
1;214
2;15
2;16
2;17
2;18
2;19
2;20
2;21
2;22
2;23
2;24
2;25
2;26
2;27
2;28
2;29
2;200
2;201
2;202
2;203
2;204
2;205
2;206
2;207
2;208
2;209
2;210
2;211
2;212
2;213
2;214
3;13
3;14
3;15
3;16
3;17
3;18
3;19
3;20
3;21
3;22
3;23
3;24
3;25
3;26
3;27
3;28
3;29
3;200
3;201
3;202
3;203
3;204
3;205
3;206
3;207
3;208
3;209
3;210
3;211
3;212
3;213
3;214
4;13
4;14
4;15
4;16
4;17
4;18
4;19
4;20
4;21
4;22
4;23
4;24
4;25
4;26
4;27
4;28
4;29
4;200
4;201
4;202
4;203
4;204
4;205
4;206
4;207
4;208
4;209
4;210
4;211
4;212
4;213
4;214
5;12
5;13
5;14
5;15
5;16
5;17
5;18
5;19
5;20
5;21
5;22
5;23
5;24
5;25
5;26
5;27
5;28
5;29
5;30
5;200
5;201
5;202
5;203
5;204
5;205
5;206
5;207
5;208
5;209
5;210
5;211
5;212
5;213
5;214
6;11
6;12
6;13
6;14
6;15
6;16
6;17
6;18
6;19
6;20
6;21
6;22
6;23
6;24
6;25
6;26
6;27
6;28
6;29
6;30
6;31
6;201
6;202
6;203
6;204
6;205
6;206
6;207
6;208
6;209
6;210
6;211
6;212
6;213
6;214
7;10
7;11
7;12
7;13
7;14
7;15
7;16
7;17
7;18
7;19
7;20
7;21
7;22
7;23
7;24
7;25
7;26
7;27
7;28
7;29
7;30
7;31
7;202
7;203
7;204
7;205
7;206
7;207
7;208
7;209
7;210
7;211
7;212
7;213
7;214
8;9
8;10
8;11
8;12
8;13
8;14
8;15
8;16
8;17
8;18
8;19
8;20
8;21
8;22
8;23
8;24
8;25
8;26
8;27
8;28
8;29
8;30
8;31
8;177
8;178
8;179
8;180
8;181
8;182
8;183
8;203
8;204
8;205
8;206
8;207
8;208
8;209
8;210
8;211
8;212
8;213
8;214
9;9
9;10
9;11
9;12
9;13
9;14
9;15
9;16
9;17
9;18
9;19
9;20
9;21
9;22
9;23
9;24
9;25
9;26
9;27
9;28
9;29
9;30
9;31
9;32
9;175
9;176
9;177
9;178
9;179
9;180
9;181
9;182
9;183
9;184
9;185
9;186
9;187
9;204
9;205
9;206
9;207
9;208
9;209
9;210
9;211
9;212
9;213
9;214
10;7
10;8
10;9
10;10
10;11
10;12
10;13
10;14
10;15
10;16
10;17
10;18
10;19
10;20
10;21
10;22
10;23
10;24
10;25
10;26
10;27
10;28
10;29
10;30
10;31
10;32
10;33
10;173
10;174
10;175
10;176
10;177
10;178
10;179
10;180
10;181
10;182
10;183
10;184
10;185
10;186
10;187
10;188
10;206
10;207
10;208
10;209
10;210
10;211
10;212
10;214
11;7
11;8
11;9
11;10
11;11
11;12
11;13
11;14
11;15
11;16
11;17
11;18
11;19
11;20
11;21
11;22
11;23
11;24
11;25
11;26
11;27
11;28
11;29
11;30
11;31
11;32
11;33
11;171
11;172
11;173
11;174
11;175
11;176
11;177
11;178
11;179
11;180
11;181
11;182
11;183
11;184
11;185
11;186
11;187
11;188
11;189
12;6
12;7
12;8
12;9
12;10
12;11
12;12
12;13
12;14
12;15
12;16
12;17
12;18
12;19
12;20
12;21
12;22
12;23
12;24
12;25
12;26
12;27
12;28
12;29
12;30
12;31
12;32
12;33
12;171
12;172
12;173
12;174
12;175
12;176
12;177
12;178
12;179
12;180
12;181
12;182
12;183
12;184
12;185
12;186
12;187
12;188
12;189
12;190
13;5
13;6
13;7
13;8
13;9
13;10
13;11
13;12
13;13
13;14
13;15
13;16
13;17
13;18
13;19
13;20
13;21
13;22
13;23
13;24
13;25
13;26
13;27
13;28
13;29
13;30
13;31
13;32
13;33
13;34
13;170
13;171
13;172
13;173
13;174
13;175
13;176
13;177
13;178
13;179
13;180
13;181
13;182
13;183
13;184
13;185
13;186
13;187
13;188
13;189
13;190
13;191
14;4
14;5
14;6
14;7
14;8
14;9
14;10
14;11
14;12
14;13
14;14
14;15
14;16
14;17
14;18
14;19
14;20
14;21
14;22
14;23
14;24
14;25
14;26
14;27
14;28
14;29
14;30
14;31
14;32
14;33
14;34
14;35
14;169
14;170
14;171
14;172
14;173
14;174
14;175
14;176
14;177
14;178
14;179
14;180
14;181
14;182
14;183
14;184
14;185
14;186
14;187
14;188
14;189
14;190
14;191
15;3
15;4
15;5
15;6
15;7
15;8
15;9
15;10
15;11
15;12
15;13
15;14
15;15
15;16
15;17
15;18
15;19
15;20
15;21
15;22
15;23
15;24
15;25
15;26
15;27
15;28
15;29
15;30
15;31
15;32
15;33
15;34
15;35
15;169
15;170
15;171
15;172
15;173
15;174
15;175
15;176
15;177
15;178
15;179
15;180
15;181
15;182
15;183
15;184
15;185
15;186
15;187
15;188
15;189
15;190
15;191
15;192
16;3
16;4
16;5
16;6
16;7
16;8
16;9
16;10
16;11
16;12
16;13
16;14
16;15
16;16
16;17
16;18
16;19
16;20
16;21
16;22
16;23
16;24
16;25
16;26
16;27
16;28
16;29
16;30
16;31
16;32
16;33
16;34
16;35
16;168
16;169
16;170
16;171
16;172
16;173
16;174
16;175
16;176
16;177
16;178
16;179
16;180
16;181
16;182
16;183
16;184
16;185
16;186
16;187
16;188
16;189
16;190
16;191
16;192
17;8
17;10
17;12
17;13
17;14
17;15
17;16
17;17
17;18
17;19
17;20
17;21
17;22
17;23
17;24
17;25
17;26
17;27
17;28
17;29
17;30
17;31
17;32
17;33
17;34
17;35
17;36
17;168
17;169
17;170
17;171
17;172
17;173
17;174
17;175
17;176
17;177
17;178
17;179
17;180
17;181
17;182
17;183
17;184
17;185
17;186
17;187
17;188
17;189
17;190
17;191
17;192
17;193
18;20
18;22
18;24
18;25
18;26
18;27
18;28
18;29
18;30
18;31
18;32
18;33
18;34
18;35
18;36
18;37
18;168
18;169
18;170
18;171
18;172
18;173
18;174
18;175
18;176
18;177
18;178
18;179
18;180
18;181
18;182
18;183
18;184
18;185
18;186
18;187
18;188
18;189
18;190
18;191
18;192
18;193
19;30
19;32
19;34
19;35
19;36
19;37
19;168
19;169
19;170
19;171
19;172
19;173
19;174
19;175
19;176
19;177
19;178
19;179
19;180
19;181
19;182
19;183
19;184
19;185
19;186
19;187
19;188
19;189
19;190
19;191
19;192
19;193
20;168
20;169
20;170
20;171
20;172
20;173
20;174
20;175
20;176
20;177
20;178
20;179
20;180
20;181
20;182
20;183
20;184
20;185
20;186
20;187
20;188
20;189
20;190
20;191
20;192
20;193
21;168
21;169
21;170
21;171
21;172
21;173
21;174
21;175
21;176
21;177
21;178
21;179
21;180
21;181
21;182
21;183
21;184
21;185
21;186
21;187
21;188
21;189
21;190
21;191
21;192
22;168
22;169
22;170
22;171
22;172
22;173
22;174
22;175
22;176
22;177
22;178
22;179
22;180
22;181
22;182
22;183
22;184
22;185
22;186
22;187
22;188
22;189
22;190
22;191
22;192
23;169
23;170
23;171
23;172
23;173
23;174
23;175
23;176
23;177
23;178
23;179
23;180
23;181
23;182
23;183
23;184
23;185
23;186
23;187
23;188
23;189
23;190
23;191
23;192
24;170
24;171
24;172
24;173
24;174
24;175
24;176
24;177
24;178
24;179
24;180
24;181
24;182
24;183
24;184
24;185
24;186
24;187
24;188
24;189
24;190
24;191
25;145
25;170
25;171
25;172
25;173
25;174
25;175
25;176
25;177
25;178
25;179
25;180
25;181
25;182
25;183
25;184
25;185
25;186
25;187
25;188
25;189
25;190
26;141
26;142
26;143
26;144
26;145
26;146
26;147
26;148
26;149
26;171
26;172
26;173
26;174
26;175
26;176
26;177
26;178
26;179
26;180
26;181
26;182
26;183
26;184
26;185
26;186
26;187
26;188
26;189
26;190
27;139
27;140
27;141
27;142
27;143
27;144
27;145
27;146
27;147
27;148
27;149
27;150
27;151
27;172
27;173
27;174
27;175
27;176
27;177
27;178
27;179
27;180
27;181
27;182
27;183
27;184
27;185
27;186
27;187
27;188
28;137
28;138
28;139
28;140
28;141
28;142
28;143
28;144
28;145
28;146
28;147
28;148
28;149
28;150
28;151
28;174
28;175
28;176
28;177
28;178
28;179
28;180
28;181
28;182
28;183
28;184
28;185
28;186
29;137
29;138
29;139
29;140
29;141
29;142
29;143
29;144
29;145
29;146
29;147
29;148
29;149
29;150
29;151
29;152
29;153
29;176
29;177
29;178
29;179
29;180
29;181
29;182
29;183
29;184
30;136
30;137
30;138
30;139
30;140
30;141
30;142
30;143
30;144
30;145
30;146
30;147
30;148
30;149
30;150
30;151
30;152
30;153
30;180
31;135
31;136
31;137
31;138
31;139
31;140
31;141
31;142
31;143
31;144
31;145
31;146
31;147
31;148
31;149
31;150
31;151
31;152
31;153
32;135
32;136
32;137
32;138
32;139
32;140
32;141
32;142
32;143
32;144
32;145
32;146
32;147
32;148
32;149
32;150
32;151
32;152
32;153
32;154
33;135
33;136
33;137
33;138
33;139
33;140
33;141
33;142
33;143
33;144
33;145
33;146
33;147
33;148
33;149
33;150
33;151
33;152
33;153
33;154
34;135
34;136
34;137
34;138
34;139
34;140
34;141
34;142
34;143
34;144
34;145
34;146
34;147
34;148
34;149
34;150
34;151
34;152
34;153
34;154
35;135
35;136
35;137
35;138
35;139
35;140
35;141
35;142
35;143
35;144
35;145
35;146
35;147
35;148
35;149
35;150
35;151
35;152
35;153
35;154
36;135
36;136
36;137
36;138
36;139
36;140
36;141
36;142
36;143
36;144
36;145
36;146
36;147
36;148
36;149
36;150
36;151
36;152
36;153
36;154
37;135
37;136
37;137
37;138
37;139
37;140
37;141
37;142
37;143
37;144
37;145
37;146
37;147
37;148
37;149
37;150
37;151
37;152
37;153
37;154
38;136
38;137
38;138
38;139
38;140
38;141
38;142
38;143
38;144
38;145
38;146
38;147
38;148
38;149
38;150
38;151
38;152
38;153
39;136
39;137
39;138
39;139
39;140
39;141
39;142
39;143
39;144
39;145
39;146
39;147
39;148
39;149
39;150
39;151
39;152
40;138
40;139
40;140
40;141
40;142
40;143
40;144
40;145
40;146
40;147
40;148
40;149
40;150
40;151
40;152
41;138
41;139
41;140
41;141
41;142
41;143
41;144
41;145
41;146
41;147
41;148
41;149
41;150
42;140
42;141
42;142
42;143
42;144
42;145
42;146
42;147
42;148
42;160
42;161
43;144
43;146
43;159
43;160
43;161
44;159
44;160
44;161
44;162
45;158
45;159
45;160
45;161
45;162
45;163
46;147
46;157
46;158
46;159
46;160
46;161
46;162
46;163
47;147
47;148
47;157
47;158
47;159
47;160
47;161
47;162
47;163
47;164
48;146
48;147
48;148
48;149
48;156
48;157
48;158
48;159
48;160
48;161
48;162
48;163
48;164
48;165
49;57
49;59
49;61
49;63
49;137
49;138
49;139
49;140
49;141
49;142
49;143
49;145
49;146
49;147
49;148
49;149
49;150
49;151
49;155
49;156
49;157
49;158
49;159
49;160
49;161
49;162
49;163
49;164
49;165
50;55
50;56
50;57
50;58
50;59
50;60
50;61
50;62
50;63
50;64
50;65
50;66
50;67
50;135
50;136
50;137
50;138
50;139
50;140
50;141
50;142
50;143
50;144
50;145
50;146
50;147
50;148
50;149
50;150
50;151
50;152
50;153
50;155
50;156
50;157
50;158
50;159
50;160
50;161
50;162
50;163
50;164
50;165
50;166
51;53
51;54
51;55
51;56
51;57
51;58
51;59
51;60
51;61
51;62
51;63
51;64
51;65
51;66
51;67
51;68
51;69
51;134
51;135
51;136
51;137
51;138
51;139
51;140
51;141
51;142
51;143
51;144
51;145
51;146
51;147
51;148
51;149
51;150
51;151
51;152
51;153
51;154
51;155
51;156
51;157
51;158
51;159
51;160
51;161
51;162
51;163
51;164
51;165
51;166
51;167
52;51
52;52
52;53
52;54
52;55
52;56
52;57
52;58
52;59
52;60
52;61
52;62
52;63
52;64
52;65
52;66
52;67
52;68
52;69
52;70
52;119
52;120
52;133
52;134
52;135
52;136
52;137
52;138
52;139
52;140
52;141
52;142
52;143
52;144
52;145
52;146
52;147
52;148
52;149
52;150
52;151
52;152
52;153
52;154
52;155
52;156
52;157
52;158
52;159
52;160
52;161
52;162
52;163
52;164
52;165
52;166
52;167
53;51
53;52
53;53
53;54
53;55
53;56
53;57
53;58
53;59
53;60
53;61
53;62
53;63
53;64
53;65
53;66
53;67
53;68
53;69
53;70
53;71
53;117
53;118
53;119
53;120
53;133
53;134
53;135
53;136
53;137
53;138
53;139
53;140
53;141
53;142
53;143
53;144
53;145
53;146
53;147
53;148
53;149
53;150
53;151
53;152
53;153
53;154
53;155
53;156
53;157
53;158
53;159
53;160
53;161
53;162
53;163
53;164
53;165
53;166
53;167
53;168
54;49
54;50
54;51
54;52
54;53
54;54
54;55
54;56
54;57
54;58
54;59
54;60
54;61
54;62
54;63
54;64
54;65
54;66
54;67
54;68
54;69
54;70
54;71
54;72
54;115
54;116
54;117
54;118
54;119
54;120
54;132
54;133
54;134
54;135
54;136
54;137
54;138
54;139
54;140
54;141
54;142
54;143
54;144
54;145
54;146
54;147
54;148
54;149
54;150
54;151
54;152
54;153
54;154
54;155
54;156
54;157
54;158
54;159
54;160
54;161
54;162
54;163
54;164
54;165
54;166
54;167
54;168
54;169
55;49
55;50
55;51
55;52
55;53
55;54
55;55
55;56
55;57
55;58
55;59
55;60
55;61
55;62
55;63
55;64
55;65
55;66
55;67
55;68
55;69
55;70
55;71
55;72
55;73
55;115
55;116
55;117
55;118
55;119
55;120
55;132
55;133
55;134
55;135
55;136
55;137
55;138
55;139
55;140
55;141
55;142
55;143
55;144
55;145
55;146
55;147
55;148
55;149
55;150
55;151
55;152
55;153
55;154
55;155
55;156
55;157
55;158
55;159
55;160
55;161
55;162
55;163
55;164
55;165
55;166
55;167
55;168
55;169
56;48
56;49
56;50
56;51
56;52
56;53
56;54
56;55
56;56
56;57
56;58
56;59
56;60
56;61
56;62
56;63
56;64
56;65
56;66
56;67
56;68
56;69
56;70
56;71
56;72
56;73
56;113
56;114
56;115
56;116
56;117
56;118
56;119
56;120
56;131
56;132
56;133
56;134
56;135
56;136
56;137
56;138
56;139
56;140
56;141
56;142
56;143
56;144
56;145
56;146
56;147
56;148
56;149
56;150
56;151
56;152
56;153
56;154
56;155
56;156
56;157
56;158
56;159
56;160
56;161
56;162
56;163
56;164
56;165
56;166
56;167
56;168
56;169
56;170
56;171
57;47
57;48
57;49
57;50
57;51
57;52
57;53
57;54
57;55
57;56
57;57
57;58
57;59
57;60
57;61
57;62
57;63
57;64
57;65
57;66
57;67
57;68
57;69
57;70
57;71
57;72
57;73
57;74
57;111
57;112
57;113
57;114
57;115
57;116
57;117
57;118
57;119
57;120
57;130
57;131
57;132
57;133
57;134
57;135
57;136
57;137
57;138
57;139
57;140
57;141
57;142
57;143
57;144
57;145
57;146
57;147
57;148
57;149
57;150
57;151
57;152
57;153
57;154
57;155
57;156
57;157
57;158
57;159
57;160
57;161
57;162
57;163
57;164
57;165
57;166
57;167
57;168
57;169
57;170
57;171
58;47
58;48
58;49
58;50
58;51
58;52
58;53
58;54
58;55
58;56
58;57
58;58
58;59
58;60
58;61
58;62
58;63
58;64
58;65
58;66
58;67
58;68
58;69
58;70
58;71
58;72
58;73
58;74
58;109
58;110
58;111
58;112
58;113
58;114
58;115
58;116
58;117
58;118
58;119
58;120
58;129
58;130
58;131
58;132
58;133
58;134
58;135
58;136
58;137
58;138
58;139
58;140
58;141
58;142
58;143
58;144
58;145
58;146
58;147
58;148
58;149
58;150
58;151
58;152
58;153
58;154
58;155
58;156
58;157
58;158
58;159
58;160
58;161
58;162
58;163
58;164
58;165
58;166
58;167
58;168
58;169
58;170
58;171
58;172
59;47
59;48
59;49
59;50
59;51
59;52
59;53
59;54
59;55
59;56
59;57
59;58
59;59
59;60
59;61
59;62
59;63
59;64
59;65
59;66
59;67
59;68
59;69
59;70
59;71
59;72
59;73
59;74
59;75
59;107
59;108
59;109
59;110
59;111
59;112
59;113
59;114
59;115
59;116
59;117
59;118
59;119
59;120
59;129
59;130
59;131
59;132
59;133
59;134
59;135
59;136
59;137
59;138
59;139
59;140
59;141
59;142
59;143
59;144
59;145
59;146
59;147
59;148
59;149
59;150
59;151
59;152
59;153
59;154
59;155
59;156
59;157
59;158
59;159
59;160
59;161
59;162
59;163
59;164
59;165
59;166
59;167
59;168
59;169
59;170
59;171
59;172
59;173
60;47
60;48
60;49
60;50
60;51
60;52
60;53
60;54
60;55
60;56
60;57
60;58
60;59
60;60
60;61
60;62
60;63
60;64
60;65
60;66
60;67
60;68
60;69
60;70
60;71
60;72
60;73
60;74
60;75
60;105
60;106
60;107
60;108
60;109
60;110
60;111
60;112
60;113
60;114
60;115
60;116
60;117
60;118
60;119
60;120
60;129
60;130
60;131
60;132
60;133
60;134
60;135
60;136
60;137
60;138
60;139
60;140
60;141
60;142
60;143
60;144
60;145
60;146
60;147
60;148
60;149
60;150
60;151
60;152
60;153
60;154
60;155
60;156
60;157
60;158
60;159
60;160
60;161
60;162
60;163
60;164
60;165
60;166
60;167
60;168
60;169
60;170
60;171
60;172
60;173
61;47
61;48
61;49
61;50
61;51
61;52
61;53
61;54
61;55
61;56
61;57
61;58
61;59
61;60
61;61
61;62
61;63
61;64
61;65
61;66
61;67
61;68
61;69
61;70
61;71
61;72
61;73
61;74
61;75
61;103
61;104
61;105
61;106
61;107
61;108
61;109
61;110
61;111
61;112
61;113
61;114
61;115
61;116
61;117
61;118
61;119
61;120
61;128
61;129
61;130
61;131
61;132
61;133
61;134
61;135
61;136
61;137
61;138
61;139
61;140
61;141
61;142
61;143
61;144
61;145
61;146
61;147
61;148
61;149
61;150
61;151
61;152
61;153
61;154
61;155
61;156
61;157
61;158
61;159
61;160
61;161
61;162
61;163
61;164
61;165
61;166
61;167
61;168
61;169
61;170
61;171
61;172
61;173
61;174
62;47
62;48
62;49
62;50
62;51
62;52
62;53
62;54
62;55
62;56
62;57
62;58
62;59
62;60
62;61
62;62
62;63
62;64
62;65
62;66
62;67
62;68
62;69
62;70
62;71
62;72
62;73
62;74
62;75
62;102
62;103
62;104
62;105
62;106
62;107
62;108
62;109
62;110
62;111
62;112
62;113
62;114
62;115
62;116
62;117
62;118
62;119
62;120
62;128
62;129
62;130
62;131
62;132
62;133
62;134
62;135
62;136
62;137
62;138
62;139
62;140
62;141
62;142
62;143
62;144
62;145
62;146
62;147
62;148
62;149
62;150
62;151
62;152
62;153
62;154
62;155
62;156
62;157
62;158
62;159
62;160
62;161
62;162
62;163
62;164
62;165
62;166
62;167
62;168
62;169
62;170
62;171
62;172
62;173
62;174
62;175
63;47
63;48
63;49
63;50
63;51
63;52
63;53
63;54
63;55
63;56
63;57
63;58
63;59
63;60
63;61
63;62
63;63
63;64
63;65
63;66
63;67
63;68
63;69
63;70
63;71
63;72
63;73
63;74
63;75
63;101
63;102
63;103
63;104
63;105
63;106
63;107
63;108
63;109
63;110
63;111
63;112
63;113
63;114
63;115
63;116
63;117
63;118
63;119
63;120
63;128
63;129
63;130
63;131
63;132
63;133
63;134
63;135
63;136
63;137
63;138
63;139
63;140
63;141
63;142
63;143
63;144
63;145
63;146
63;147
63;148
63;149
63;150
63;151
63;152
63;153
63;154
63;155
63;156
63;157
63;158
63;159
63;160
63;161
63;162
63;163
63;164
63;165
63;166
63;167
63;168
63;169
63;170
63;171
63;172
63;173
63;174
63;175
64;47
64;48
64;49
64;50
64;51
64;52
64;53
64;54
64;55
64;56
64;57
64;58
64;59
64;60
64;61
64;62
64;63
64;64
64;65
64;66
64;67
64;68
64;69
64;70
64;71
64;72
64;73
64;74
64;99
64;100
64;101
64;102
64;103
64;104
64;105
64;106
64;107
64;108
64;109
64;110
64;111
64;112
64;113
64;114
64;115
64;116
64;117
64;118
64;119
64;120
64;121
64;127
64;128
64;129
64;130
64;131
64;132
64;133
64;134
64;135
64;136
64;137
64;138
64;139
64;140
64;141
64;142
64;143
64;144
64;145
64;146
64;147
64;148
64;149
64;150
64;151
64;152
64;153
64;154
64;155
64;156
64;157
64;158
64;159
64;160
64;161
64;162
64;163
64;164
64;165
64;166
64;167
64;168
64;169
64;170
64;171
64;172
64;173
64;174
64;175
64;176
65;47
65;48
65;49
65;50
65;51
65;52
65;53
65;54
65;55
65;56
65;57
65;58
65;59
65;60
65;61
65;62
65;63
65;64
65;65
65;66
65;67
65;68
65;69
65;70
65;71
65;72
65;73
65;74
65;97
65;98
65;99
65;100
65;101
65;102
65;103
65;104
65;105
65;106
65;107
65;108
65;109
65;110
65;111
65;112
65;113
65;114
65;115
65;116
65;117
65;118
65;119
65;120
65;121
65;127
65;128
65;129
65;130
65;131
65;132
65;133
65;134
65;135
65;136
65;137
65;138
65;139
65;140
65;141
65;142
65;143
65;144
65;145
65;146
65;147
65;148
65;149
65;150
65;151
65;152
65;153
65;154
65;155
65;156
65;157
65;158
65;159
65;160
65;161
65;162
65;163
65;164
65;165
65;166
65;167
65;168
65;169
65;170
65;171
65;172
65;173
65;174
65;175
65;176
65;177
66;48
66;49
66;50
66;51
66;52
66;53
66;54
66;55
66;56
66;57
66;58
66;59
66;60
66;61
66;62
66;63
66;64
66;65
66;66
66;67
66;68
66;69
66;70
66;71
66;72
66;73
66;74
66;98
66;99
66;100
66;101
66;102
66;103
66;104
66;105
66;106
66;107
66;108
66;109
66;110
66;111
66;112
66;113
66;114
66;115
66;116
66;117
66;118
66;119
66;120
66;121
66;127
66;128
66;129
66;130
66;131
66;132
66;133
66;134
66;135
66;136
66;137
66;138
66;139
66;140
66;141
66;142
66;143
66;144
66;145
66;146
66;147
66;148
66;149
66;150
66;151
66;152
66;153
66;154
66;155
66;156
66;157
66;158
66;159
66;160
66;161
66;162
66;163
66;164
66;165
66;166
66;167
66;168
66;169
66;170
66;171
66;172
66;173
66;174
66;175
66;176
66;177
67;48
67;49
67;50
67;51
67;52
67;53
67;54
67;55
67;56
67;57
67;58
67;59
67;60
67;61
67;62
67;63
67;64
67;65
67;66
67;67
67;68
67;69
67;70
67;71
67;72
67;73
67;100
67;101
67;102
67;103
67;104
67;105
67;106
67;107
67;108
67;109
67;110
67;111
67;112
67;113
67;114
67;115
67;116
67;117
67;118
67;119
67;120
67;121
67;127
67;128
67;129
67;130
67;131
67;132
67;133
67;134
67;135
67;136
67;137
67;138
67;139
67;140
67;141
67;142
67;143
67;144
67;145
67;146
67;147
67;148
67;149
67;150
67;151
67;152
67;153
67;154
67;155
67;156
67;157
67;158
67;159
67;160
67;161
67;162
67;163
67;164
67;165
67;166
67;167
67;168
67;169
67;170
67;171
67;172
67;173
67;174
67;175
67;176
67;177
67;178
67;179
68;49
68;50
68;51
68;52
68;53
68;54
68;55
68;56
68;57
68;58
68;59
68;60
68;61
68;62
68;63
68;64
68;65
68;66
68;67
68;68
68;69
68;70
68;71
68;72
68;102
68;103
68;104
68;105
68;106
68;107
68;108
68;109
68;110
68;111
68;112
68;113
68;114
68;115
68;116
68;117
68;118
68;119
68;120
68;121
68;128
68;129
68;130
68;131
68;132
68;133
68;134
68;135
68;136
68;137
68;138
68;139
68;140
68;141
68;142
68;143
68;144
68;145
68;146
68;147
68;148
68;149
68;150
68;151
68;152
68;153
68;154
68;155
68;156
68;157
68;158
68;159
68;160
68;161
68;162
68;163
68;164
68;165
68;166
68;167
68;168
68;169
68;170
68;171
68;172
68;173
68;174
68;175
68;176
68;177
68;178
68;179
68;180
68;181
69;50
69;51
69;52
69;53
69;54
69;55
69;56
69;57
69;58
69;59
69;60
69;61
69;62
69;63
69;64
69;65
69;66
69;67
69;68
69;69
69;70
69;71
69;72
69;104
69;106
69;107
69;108
69;109
69;110
69;111
69;112
69;113
69;114
69;115
69;116
69;117
69;118
69;119
69;120
69;121
69;128
69;129
69;130
69;131
69;132
69;133
69;134
69;135
69;136
69;137
69;138
69;139
69;140
69;141
69;142
69;143
69;144
69;145
69;146
69;147
69;148
69;149
69;150
69;151
69;152
69;153
69;154
69;155
69;156
69;157
69;158
69;159
69;160
69;161
69;162
69;163
69;164
69;165
69;166
69;167
69;168
69;169
69;170
69;171
69;172
69;173
69;174
69;175
69;176
69;177
69;178
69;179
69;180
70;50
70;51
70;52
70;53
70;54
70;55
70;56
70;57
70;58
70;59
70;60
70;61
70;62
70;63
70;64
70;65
70;66
70;67
70;68
70;69
70;70
70;71
70;108
70;109
70;110
70;111
70;112
70;113
70;114
70;115
70;116
70;117
70;118
70;119
70;120
70;121
70;128
70;129
70;130
70;131
70;132
70;133
70;134
70;135
70;136
70;137
70;138
70;139
70;140
70;141
70;142
70;143
70;144
70;145
70;146
70;147
70;148
70;149
70;150
70;151
70;152
70;153
70;154
70;155
70;156
70;157
70;158
70;159
70;160
70;161
70;162
70;163
70;164
70;165
70;166
70;167
70;168
70;169
70;170
70;171
70;172
70;173
70;174
70;175
70;176
70;177
70;178
70;179
70;180
71;52
71;53
71;54
71;55
71;56
71;57
71;58
71;59
71;60
71;61
71;62
71;63
71;64
71;65
71;66
71;67
71;68
71;69
71;70
71;110
71;111
71;112
71;113
71;114
71;115
71;116
71;117
71;118
71;119
71;120
71;121
71;128
71;129
71;130
71;131
71;132
71;133
71;134
71;135
71;136
71;137
71;138
71;139
71;140
71;141
71;142
71;143
71;144
71;145
71;146
71;147
71;148
71;149
71;150
71;151
71;152
71;153
71;154
71;155
71;156
71;157
71;158
71;159
71;160
71;161
71;162
71;163
71;164
71;165
71;166
71;167
71;168
71;169
71;170
71;171
71;172
71;173
71;174
71;175
71;176
71;177
71;178
71;179
71;180
71;181
72;54
72;55
72;56
72;57
72;58
72;59
72;60
72;61
72;62
72;63
72;64
72;65
72;66
72;67
72;68
72;112
72;113
72;114
72;115
72;116
72;117
72;118
72;119
72;120
72;121
72;129
72;130
72;131
72;132
72;133
72;134
72;135
72;136
72;137
72;138
72;139
72;140
72;141
72;142
72;143
72;144
72;145
72;146
72;147
72;148
72;149
72;150
72;151
72;152
72;153
72;154
72;155
72;156
72;157
72;158
72;159
72;160
72;161
72;162
72;163
72;164
72;165
72;166
72;167
72;168
72;169
72;170
72;171
72;172
72;173
72;174
72;175
72;176
72;177
72;178
72;179
72;180
72;181
73;56
73;57
73;58
73;59
73;60
73;61
73;62
73;63
73;64
73;65
73;66
73;114
73;115
73;116
73;117
73;118
73;119
73;120
73;121
73;130
73;131
73;132
73;133
73;134
73;135
73;136
73;137
73;138
73;139
73;140
73;141
73;142
73;143
73;144
73;145
73;146
73;147
73;148
73;149
73;150
73;151
73;152
73;153
73;154
73;155
73;156
73;157
73;158
73;159
73;160
73;161
73;162
73;163
73;164
73;165
73;166
73;167
73;168
73;169
73;170
73;171
73;172
73;173
73;174
73;175
73;176
73;177
73;178
73;179
73;180
73;181
73;182
73;183
74;58
74;60
74;62
74;64
74;116
74;117
74;118
74;119
74;120
74;121
74;130
74;131
74;132
74;133
74;134
74;135
74;136
74;137
74;138
74;139
74;140
74;141
74;142
74;143
74;144
74;145
74;146
74;147
74;148
74;149
74;150
74;151
74;152
74;153
74;154
74;155
74;156
74;157
74;158
74;159
74;160
74;161
74;162
74;163
74;164
74;165
74;166
74;167
74;168
74;169
74;170
74;171
74;172
74;173
74;174
74;175
74;176
74;177
74;178
74;179
74;180
74;181
74;182
74;183
75;118
75;119
75;120
75;121
75;131
75;132
75;133
75;134
75;135
75;136
75;137
75;138
75;139
75;140
75;141
75;142
75;143
75;144
75;145
75;146
75;147
75;148
75;149
75;150
75;151
75;152
75;153
75;154
75;155
75;156
75;157
75;158
75;159
75;160
75;161
75;162
75;163
75;164
76;132
76;133
76;134
76;135
76;136
76;137
76;138
76;139
76;140
76;141
76;142
76;143
76;144
76;145
76;146
76;147
76;148
76;149
76;150
76;151
76;152
76;153
76;154
76;155
76;156
76;157
76;158
76;159
76;160
76;161
76;162
77;133
77;134
77;135
77;136
77;137
77;138
77;139
77;140
77;141
77;142
77;143
77;144
77;145
77;146
77;147
77;148
77;149
77;150
77;151
77;152
77;153
77;154
77;155
77;156
77;157
77;158
77;160
78;134
78;135
78;136
78;137
78;138
78;139
78;140
78;141
78;142
78;143
78;144
78;145
78;146
78;147
78;148
78;149
78;150
78;151
78;152
78;153
78;154
78;155
78;156
79;136
79;137
79;138
79;139
79;140
79;141
79;142
79;143
79;144
79;145
79;146
79;147
79;148
79;149
79;150
79;151
79;152
79;153
79;154
80;138
80;139
80;140
80;141
80;142
80;143
80;144
80;145
80;146
80;147
80;148
80;149
80;150
80;151
80;152
81;142
81;143
81;144
81;145
81;146
81;147
81;148
81;150
82;142
82;143
82;144
82;145
82;146
83;141
83;142
94;113
94;114
94;115
94;116
94;117
94;118
94;119
95;111
95;112
95;113
95;114
95;115
95;116
95;117
95;118
95;119
95;120
95;121
96;110
96;111
96;112
96;113
96;114
96;115
96;116
96;117
96;118
96;119
96;120
96;121
96;122
96;123
97;109
97;110
97;111
97;112
97;113
97;114
97;115
97;116
97;117
97;118
97;119
97;120
97;121
97;122
97;123
98;108
98;109
98;110
98;111
98;112
98;113
98;114
98;115
98;116
98;117
98;118
98;119
98;120
98;121
98;122
98;123
98;124
99;108
99;109
99;110
99;111
99;112
99;113
99;114
99;115
99;116
99;117
99;118
99;119
99;120
99;121
99;122
99;123
99;124
99;125
100;107
100;108
100;109
100;110
100;111
100;112
100;113
100;114
100;115
100;116
100;117
100;118
100;119
100;120
100;121
100;122
100;123
100;124
100;125
101;107
101;108
101;109
101;110
101;111
101;112
101;113
101;114
101;115
101;116
101;117
101;118
101;119
101;120
101;121
101;122
101;123
101;124
101;125
102;41
102;43
102;107
102;108
102;109
102;110
102;111
102;112
102;113
102;114
102;115
102;116
102;117
102;118
102;119
102;120
102;121
102;122
102;123
102;124
102;125
103;35
103;37
103;38
103;39
103;40
103;41
103;42
103;43
103;44
103;45
103;46
103;47
103;107
103;108
103;109
103;110
103;111
103;112
103;113
103;114
103;115
103;116
103;117
103;118
103;119
103;120
103;121
103;122
103;123
103;124
103;125
104;33
104;34
104;35
104;36
104;37
104;38
104;39
104;40
104;41
104;42
104;43
104;44
104;45
104;46
104;47
104;48
104;49
104;51
104;108
104;109
104;110
104;111
104;112
104;113
104;114
104;115
104;116
104;117
104;118
104;119
104;120
104;121
104;122
104;123
104;124
104;125
105;31
105;32
105;33
105;34
105;35
105;36
105;37
105;38
105;39
105;40
105;41
105;42
105;43
105;44
105;45
105;46
105;47
105;48
105;49
105;50
105;51
105;52
105;108
105;109
105;110
105;111
105;112
105;113
105;114
105;115
105;116
105;117
105;118
105;119
105;120
105;121
105;122
105;123
105;124
106;29
106;30
106;31
106;32
106;33
106;34
106;35
106;36
106;37
106;38
106;39
106;40
106;41
106;42
106;43
106;44
106;45
106;46
106;47
106;48
106;49
106;50
106;51
106;52
106;53
106;108
106;109
106;110
106;111
106;112
106;113
106;114
106;115
106;116
106;117
106;118
106;119
106;120
106;121
106;122
106;123
106;124
107;28
107;29
107;30
107;31
107;32
107;33
107;34
107;35
107;36
107;37
107;38
107;39
107;40
107;41
107;42
107;43
107;44
107;45
107;46
107;47
107;48
107;49
107;50
107;51
107;52
107;53
107;54
107;55
107;110
107;111
107;112
107;113
107;114
107;115
107;116
107;117
107;118
107;119
107;120
107;121
107;122
108;27
108;28
108;29
108;30
108;31
108;32
108;33
108;34
108;35
108;36
108;37
108;38
108;39
108;40
108;41
108;42
108;43
108;44
108;45
108;46
108;47
108;48
108;49
108;50
108;51
108;52
108;53
108;54
108;55
108;56
108;110
108;111
108;112
108;113
108;114
108;115
108;116
108;117
108;118
108;119
108;120
108;121
108;122
109;26
109;27
109;28
109;29
109;30
109;31
109;32
109;33
109;34
109;35
109;36
109;37
109;38
109;39
109;40
109;41
109;42
109;43
109;44
109;45
109;46
109;47
109;48
109;49
109;50
109;51
109;52
109;53
109;54
109;55
109;56
109;57
109;112
109;113
109;114
109;115
109;116
109;117
109;118
109;119
109;120
110;25
110;26
110;27
110;28
110;29
110;30
110;31
110;32
110;33
110;34
110;35
110;36
110;37
110;38
110;39
110;40
110;41
110;42
110;43
110;44
110;45
110;46
110;47
110;48
110;49
110;50
110;51
110;52
110;53
110;54
110;55
110;56
110;57
110;58
110;116
111;25
111;26
111;27
111;28
111;29
111;30
111;31
111;32
111;33
111;34
111;35
111;36
111;37
111;38
111;39
111;40
111;41
111;42
111;43
111;44
111;45
111;46
111;47
111;48
111;49
111;50
111;51
111;52
111;53
111;54
111;55
111;56
111;57
111;58
111;59
112;24
112;25
112;26
112;27
112;28
112;29
112;30
112;31
112;32
112;33
112;34
112;35
112;36
112;37
112;38
112;39
112;40
112;41
112;42
112;43
112;44
112;45
112;46
112;47
112;48
112;49
112;50
112;51
112;52
112;53
112;54
112;55
112;56
112;57
112;58
112;59
113;23
113;24
113;25
113;26
113;27
113;28
113;29
113;30
113;31
113;32
113;33
113;34
113;35
113;36
113;37
113;38
113;39
113;40
113;41
113;42
113;43
113;44
113;45
113;46
113;47
113;48
113;49
113;50
113;51
113;52
113;53
113;54
113;55
113;56
113;57
113;58
113;59
113;60
114;23
114;24
114;25
114;26
114;27
114;28
114;29
114;30
114;31
114;32
114;33
114;34
114;35
114;36
114;37
114;38
114;39
114;40
114;41
114;42
114;43
114;44
114;45
114;46
114;47
114;48
114;49
114;50
114;51
114;52
114;53
114;54
114;55
114;56
114;57
114;58
114;59
114;60
115;23
115;24
115;25
115;26
115;27
115;28
115;29
115;30
115;31
115;32
115;33
115;34
115;35
115;36
115;37
115;38
115;39
115;40
115;41
115;42
115;43
115;44
115;45
115;46
115;47
115;48
115;49
115;50
115;51
115;52
115;53
115;54
115;55
115;56
115;57
115;58
115;59
115;60
115;61
116;22
116;23
116;24
116;25
116;26
116;27
116;28
116;29
116;30
116;31
116;32
116;33
116;34
116;35
116;36
116;37
116;38
116;39
116;40
116;41
116;42
116;43
116;44
116;45
116;46
116;47
116;48
116;49
116;50
116;51
116;52
116;53
116;54
116;55
116;56
116;57
116;58
116;59
116;60
116;61
117;22
117;23
117;24
117;25
117;26
117;27
117;28
117;29
117;30
117;31
117;32
117;33
117;34
117;35
117;36
117;37
117;38
117;39
117;40
117;41
117;42
117;43
117;44
117;45
117;46
117;47
117;48
117;49
117;50
117;51
117;52
117;53
117;54
117;55
117;56
117;57
117;58
117;59
117;60
117;61
117;113
117;115
117;116
117;117
117;118
117;119
117;120
117;121
117;123
118;22
118;23
118;24
118;25
118;26
118;27
118;28
118;29
118;30
118;31
118;32
118;33
118;34
118;35
118;36
118;37
118;38
118;39
118;40
118;41
118;42
118;43
118;44
118;45
118;46
118;47
118;48
118;49
118;50
118;51
118;52
118;53
118;54
118;55
118;56
118;57
118;58
118;59
118;60
118;61
118;111
118;112
118;113
118;114
118;115
118;116
118;117
118;118
118;119
118;120
118;121
118;122
118;123
118;124
118;125
119;22
119;23
119;24
119;25
119;26
119;27
119;28
119;29
119;30
119;31
119;32
119;33
119;34
119;35
119;36
119;37
119;38
119;39
119;40
119;41
119;42
119;43
119;44
119;45
119;46
119;47
119;48
119;49
119;50
119;51
119;52
119;53
119;54
119;55
119;56
119;57
119;58
119;59
119;60
119;61
119;109
119;110
119;111
119;112
119;113
119;114
119;115
119;116
119;117
119;118
119;119
119;120
119;121
119;122
119;123
119;124
119;125
119;126
119;127
120;22
120;23
120;24
120;25
120;26
120;27
120;28
120;29
120;30
120;31
120;32
120;33
120;34
120;35
120;36
120;37
120;38
120;39
120;40
120;41
120;42
120;43
120;44
120;45
120;46
120;47
120;48
120;49
120;50
120;51
120;52
120;53
120;54
120;55
120;56
120;57
120;58
120;59
120;60
120;61
120;109
120;110
120;111
120;112
120;113
120;114
120;115
120;116
120;117
120;118
120;119
120;120
120;121
120;122
120;123
120;124
120;125
120;126
120;127
120;128
121;22
121;23
121;24
121;25
121;26
121;27
121;28
121;29
121;30
121;31
121;32
121;33
121;34
121;35
121;36
121;37
121;38
121;39
121;40
121;41
121;42
121;43
121;44
121;45
121;46
121;47
121;48
121;49
121;50
121;51
121;52
121;53
121;54
121;55
121;56
121;57
121;58
121;59
121;60
121;61
121;107
121;108
121;109
121;110
121;111
121;112
121;113
121;114
121;115
121;116
121;117
121;118
121;119
121;120
121;121
121;122
121;123
121;124
121;125
121;126
121;127
121;128
121;129
122;22
122;23
122;24
122;25
122;26
122;27
122;28
122;29
122;30
122;31
122;32
122;33
122;34
122;35
122;36
122;37
122;38
122;39
122;40
122;41
122;42
122;43
122;44
122;45
122;46
122;47
122;48
122;49
122;50
122;51
122;52
122;53
122;54
122;55
122;56
122;57
122;58
122;59
122;60
122;61
122;107
122;108
122;109
122;110
122;111
122;112
122;113
122;114
122;115
122;116
122;117
122;118
122;119
122;120
122;121
122;122
122;123
122;124
122;125
122;126
122;127
122;128
122;129
122;130
122;175
122;177
122;179
122;181
122;182
123;22
123;23
123;24
123;25
123;26
123;27
123;28
123;29
123;30
123;31
123;32
123;33
123;34
123;35
123;36
123;37
123;38
123;39
123;40
123;41
123;42
123;43
123;44
123;45
123;46
123;47
123;48
123;49
123;50
123;51
123;52
123;53
123;54
123;55
123;56
123;57
123;58
123;59
123;60
123;61
123;106
123;107
123;108
123;109
123;110
123;111
123;112
123;113
123;114
123;115
123;116
123;117
123;118
123;119
123;120
123;121
123;122
123;123
123;124
123;125
123;126
123;127
123;128
123;129
123;130
123;131
123;159
123;161
123;163
123;165
123;166
123;167
123;168
123;169
123;170
123;171
123;172
123;173
123;174
123;175
123;176
123;177
123;178
123;179
123;180
123;181
124;22
124;23
124;24
124;25
124;26
124;27
124;28
124;29
124;30
124;31
124;32
124;33
124;34
124;35
124;36
124;37
124;38
124;39
124;40
124;41
124;42
124;43
124;44
124;45
124;46
124;47
124;48
124;49
124;50
124;51
124;52
124;53
124;54
124;55
124;56
124;57
124;58
124;59
124;60
124;61
124;105
124;106
124;107
124;108
124;109
124;110
124;111
124;112
124;113
124;114
124;115
124;116
124;117
124;118
124;119
124;120
124;121
124;122
124;123
124;124
124;125
124;126
124;127
124;128
124;129
124;130
124;131
124;147
124;149
124;151
124;152
124;153
124;154
124;155
124;156
124;157
124;158
124;159
124;160
124;161
124;162
124;163
124;164
124;165
124;166
124;167
124;168
124;169
124;170
124;171
124;172
124;173
124;174
124;175
124;176
124;177
124;178
124;179
124;180
125;22
125;23
125;24
125;25
125;26
125;27
125;28
125;29
125;30
125;31
125;32
125;33
125;34
125;35
125;36
125;37
125;38
125;39
125;40
125;41
125;42
125;43
125;44
125;45
125;46
125;47
125;48
125;49
125;50
125;51
125;52
125;53
125;54
125;55
125;56
125;57
125;58
125;59
125;60
125;105
125;106
125;107
125;108
125;109
125;110
125;111
125;112
125;113
125;114
125;115
125;116
125;117
125;118
125;119
125;120
125;121
125;122
125;123
125;124
125;125
125;126
125;127
125;128
125;129
125;130
125;131
125;148
125;149
125;150
125;151
125;152
125;153
125;154
125;155
125;156
125;157
125;158
125;159
125;160
125;161
125;162
125;163
125;164
125;165
125;166
125;167
125;168
125;169
125;170
125;171
125;172
125;173
125;174
125;175
125;176
125;177
125;178
125;179
125;180
126;23
126;24
126;25
126;26
126;27
126;28
126;29
126;30
126;31
126;32
126;33
126;34
126;35
126;36
126;37
126;38
126;39
126;40
126;41
126;42
126;43
126;44
126;45
126;46
126;47
126;48
126;49
126;50
126;51
126;52
126;53
126;54
126;55
126;56
126;57
126;58
126;59
126;60
126;105
126;106
126;107
126;108
126;109
126;110
126;111
126;112
126;113
126;114
126;115
126;116
126;117
126;118
126;119
126;120
126;121
126;122
126;123
126;124
126;125
126;126
126;127
126;128
126;129
126;130
126;131
126;132
126;149
126;150
126;151
126;152
126;153
126;154
126;155
126;156
126;157
126;158
126;159
126;160
126;161
126;162
126;163
126;164
126;165
126;166
126;167
126;168
126;169
126;170
126;171
126;172
126;173
126;174
126;175
126;176
126;177
126;178
126;179
126;180
127;24
127;25
127;26
127;27
127;28
127;29
127;30
127;31
127;32
127;33
127;34
127;35
127;36
127;37
127;38
127;39
127;40
127;41
127;42
127;43
127;44
127;45
127;46
127;47
127;48
127;49
127;50
127;51
127;52
127;53
127;54
127;55
127;56
127;57
127;58
127;59
127;60
127;104
127;105
127;106
127;107
127;108
127;109
127;110
127;111
127;112
127;113
127;114
127;115
127;116
127;117
127;118
127;119
127;120
127;121
127;122
127;123
127;124
127;125
127;126
127;127
127;128
127;129
127;130
127;131
127;132
127;150
127;151
127;152
127;153
127;154
127;155
127;156
127;157
127;158
127;159
127;160
127;161
127;162
127;163
127;164
127;165
127;166
127;167
127;168
127;169
127;170
127;171
127;172
127;173
127;174
127;175
127;176
127;177
127;178
127;179
127;205
127;207
128;24
128;25
128;26
128;27
128;28
128;29
128;30
128;31
128;32
128;33
128;34
128;35
128;36
128;37
128;38
128;39
128;40
128;41
128;42
128;43
128;44
128;45
128;46
128;47
128;48
128;49
128;50
128;51
128;52
128;53
128;54
128;55
128;56
128;57
128;58
128;59
128;60
128;61
128;104
128;105
128;106
128;107
128;108
128;109
128;110
128;111
128;112
128;113
128;114
128;115
128;116
128;117
128;118
128;119
128;120
128;121
128;122
128;123
128;124
128;125
128;126
128;127
128;128
128;129
128;130
128;131
128;132
128;150
128;151
128;152
128;153
128;154
128;155
128;156
128;157
128;158
128;159
128;160
128;161
128;162
128;163
128;164
128;165
128;166
128;167
128;168
128;169
128;170
128;171
128;172
128;173
128;174
128;175
128;176
128;177
128;178
128;201
128;203
128;204
128;205
128;206
128;207
128;208
128;209
128;210
128;211
129;24
129;25
129;26
129;27
129;28
129;29
129;30
129;31
129;32
129;33
129;34
129;35
129;36
129;37
129;38
129;39
129;40
129;41
129;42
129;43
129;44
129;45
129;46
129;47
129;48
129;49
129;50
129;51
129;52
129;53
129;54
129;55
129;56
129;57
129;58
129;59
129;60
129;61
129;62
129;104
129;105
129;106
129;107
129;108
129;109
129;110
129;111
129;112
129;113
129;114
129;115
129;116
129;117
129;118
129;119
129;120
129;121
129;122
129;123
129;124
129;125
129;126
129;127
129;128
129;129
129;130
129;131
129;132
129;151
129;152
129;153
129;154
129;155
129;156
129;157
129;158
129;159
129;160
129;161
129;162
129;163
129;164
129;165
129;166
129;167
129;168
129;169
129;170
129;171
129;172
129;173
129;174
129;175
129;176
129;177
129;178
129;199
129;200
129;201
129;202
129;203
129;204
129;205
129;206
129;207
129;208
129;209
129;210
129;211
129;212
129;213
130;26
130;27
130;28
130;29
130;30
130;31
130;32
130;33
130;34
130;35
130;36
130;37
130;38
130;39
130;40
130;41
130;42
130;43
130;44
130;45
130;46
130;47
130;48
130;49
130;50
130;51
130;52
130;53
130;54
130;55
130;56
130;57
130;58
130;59
130;60
130;61
130;62
130;104
130;105
130;106
130;107
130;108
130;109
130;110
130;111
130;112
130;113
130;114
130;115
130;116
130;117
130;118
130;119
130;120
130;121
130;122
130;123
130;124
130;125
130;126
130;127
130;128
130;129
130;130
130;131
130;132
130;152
130;153
130;154
130;155
130;156
130;157
130;158
130;159
130;160
130;161
130;162
130;163
130;164
130;165
130;166
130;167
130;168
130;169
130;170
130;171
130;172
130;173
130;174
130;175
130;176
130;177
130;199
130;200
130;201
130;202
130;203
130;204
130;205
130;206
130;207
130;208
130;209
130;210
130;211
130;212
130;213
130;214
131;26
131;27
131;28
131;29
131;30
131;31
131;32
131;33
131;34
131;35
131;36
131;37
131;38
131;39
131;40
131;41
131;42
131;43
131;44
131;45
131;46
131;47
131;48
131;49
131;50
131;51
131;52
131;53
131;54
131;55
131;56
131;57
131;58
131;59
131;60
131;61
131;62
131;63
131;104
131;105
131;106
131;107
131;108
131;109
131;110
131;111
131;112
131;113
131;114
131;115
131;116
131;117
131;118
131;119
131;120
131;121
131;122
131;123
131;124
131;125
131;126
131;127
131;128
131;129
131;130
131;131
131;132
131;152
131;153
131;154
131;155
131;156
131;157
131;158
131;159
131;160
131;161
131;162
131;163
131;164
131;165
131;166
131;167
131;168
131;169
131;170
131;171
131;172
131;173
131;174
131;175
131;176
131;197
131;198
131;199
131;200
131;201
131;202
131;203
131;204
131;205
131;206
131;207
131;208
131;209
131;210
131;211
131;212
131;213
131;214
132;28
132;29
132;30
132;31
132;32
132;33
132;34
132;35
132;36
132;37
132;38
132;39
132;40
132;41
132;42
132;43
132;44
132;45
132;46
132;47
132;48
132;49
132;50
132;51
132;52
132;53
132;54
132;55
132;56
132;57
132;58
132;59
132;60
132;61
132;62
132;63
132;104
132;105
132;106
132;107
132;108
132;109
132;110
132;111
132;112
132;113
132;114
132;115
132;116
132;117
132;118
132;119
132;120
132;121
132;122
132;123
132;124
132;125
132;126
132;127
132;128
132;129
132;130
132;131
132;132
132;154
132;155
132;156
132;157
132;158
132;159
132;160
132;161
132;162
132;163
132;164
132;165
132;166
132;167
132;168
132;169
132;170
132;171
132;172
132;173
132;174
132;175
132;176
132;197
132;198
132;199
132;200
132;201
132;202
132;203
132;204
132;205
132;206
132;207
132;208
132;209
132;210
132;211
132;212
132;213
132;214
133;28
133;29
133;30
133;31
133;32
133;33
133;34
133;35
133;36
133;37
133;38
133;39
133;40
133;41
133;42
133;43
133;44
133;45
133;46
133;47
133;48
133;49
133;50
133;51
133;52
133;53
133;54
133;55
133;56
133;57
133;58
133;59
133;60
133;61
133;62
133;63
133;105
133;106
133;107
133;108
133;109
133;110
133;111
133;112
133;113
133;114
133;115
133;116
133;117
133;118
133;119
133;120
133;121
133;122
133;123
133;124
133;125
133;126
133;127
133;128
133;129
133;130
133;131
133;132
133;154
133;155
133;156
133;157
133;158
133;159
133;160
133;161
133;162
133;163
133;164
133;165
133;166
133;167
133;168
133;169
133;170
133;171
133;172
133;173
133;174
133;175
133;176
133;195
133;196
133;197
133;198
133;199
133;200
133;201
133;202
133;203
133;204
133;205
133;206
133;207
133;208
133;209
133;210
133;211
133;212
133;213
133;214
134;30
134;31
134;32
134;33
134;34
134;35
134;36
134;37
134;38
134;39
134;40
134;41
134;42
134;43
134;44
134;45
134;46
134;47
134;48
134;49
134;50
134;51
134;52
134;53
134;54
134;55
134;56
134;57
134;58
134;59
134;60
134;61
134;62
134;63
134;105
134;106
134;107
134;108
134;109
134;110
134;111
134;112
134;113
134;114
134;115
134;116
134;117
134;118
134;119
134;120
134;121
134;122
134;123
134;124
134;125
134;126
134;127
134;128
134;129
134;130
134;131
134;155
134;156
134;157
134;158
134;159
134;160
134;161
134;162
134;163
134;164
134;165
134;166
134;167
134;168
134;169
134;170
134;171
134;172
134;173
134;174
134;175
134;195
134;196
134;197
134;198
134;199
134;200
134;201
134;202
134;203
134;204
134;205
134;206
134;207
134;208
134;209
134;210
134;211
134;212
134;213
134;214
135;32
135;33
135;34
135;35
135;36
135;37
135;38
135;39
135;40
135;41
135;42
135;43
135;44
135;45
135;46
135;47
135;48
135;49
135;50
135;51
135;52
135;53
135;54
135;55
135;56
135;57
135;58
135;59
135;60
135;61
135;62
135;63
135;106
135;107
135;108
135;109
135;110
135;111
135;112
135;113
135;114
135;115
135;116
135;117
135;118
135;119
135;120
135;121
135;122
135;123
135;124
135;125
135;126
135;127
135;128
135;129
135;130
135;156
135;157
135;158
135;159
135;160
135;161
135;162
135;163
135;164
135;165
135;166
135;167
135;168
135;169
135;170
135;171
135;172
135;173
135;174
135;195
135;196
135;197
135;198
135;199
135;200
135;201
135;202
135;203
135;204
135;205
135;206
135;207
135;208
135;209
135;210
135;211
135;212
135;213
135;214
136;34
136;35
136;36
136;37
136;38
136;39
136;40
136;41
136;42
136;43
136;44
136;45
136;46
136;47
136;48
136;49
136;50
136;51
136;52
136;53
136;54
136;55
136;56
136;57
136;58
136;59
136;60
136;61
136;62
136;106
136;107
136;108
136;109
136;110
136;111
136;112
136;113
136;114
136;115
136;116
136;117
136;118
136;119
136;120
136;121
136;122
136;123
136;124
136;125
136;126
136;127
136;128
136;129
136;130
136;156
136;157
136;158
136;159
136;160
136;161
136;162
136;163
136;164
136;165
136;166
136;167
136;168
136;169
136;170
136;171
136;172
136;173
136;174
136;194
136;195
136;196
136;197
136;198
136;199
136;200
136;201
136;202
136;203
136;204
136;205
136;206
136;207
136;208
136;209
136;210
136;211
136;212
136;213
136;214
137;36
137;38
137;39
137;40
137;41
137;42
137;43
137;44
137;45
137;46
137;47
137;48
137;49
137;50
137;51
137;52
137;53
137;54
137;55
137;56
137;57
137;58
137;59
137;60
137;61
137;62
137;108
137;109
137;110
137;111
137;112
137;113
137;114
137;115
137;116
137;117
137;118
137;119
137;120
137;121
137;122
137;123
137;124
137;125
137;126
137;127
137;128
137;129
137;158
137;159
137;160
137;161
137;162
137;163
137;164
137;165
137;166
137;167
137;168
137;169
137;170
137;171
137;172
137;173
137;194
137;195
137;196
137;197
137;198
137;199
137;200
137;201
137;202
137;203
137;204
137;205
137;206
137;207
137;208
137;209
137;210
137;211
137;212
137;213
137;214
138;40
138;41
138;42
138;43
138;44
138;45
138;46
138;47
138;48
138;49
138;50
138;51
138;52
138;53
138;54
138;55
138;56
138;57
138;58
138;59
138;60
138;61
138;62
138;108
138;109
138;110
138;111
138;112
138;113
138;114
138;115
138;116
138;117
138;118
138;119
138;120
138;121
138;122
138;123
138;124
138;125
138;126
138;127
138;128
138;158
138;159
138;160
138;161
138;162
138;163
138;164
138;165
138;166
138;167
138;168
138;169
138;170
138;171
138;172
138;173
138;194
138;195
138;196
138;197
138;198
138;199
138;200
138;201
138;202
138;203
138;204
138;205
138;206
138;207
138;208
138;209
138;210
138;211
138;212
138;213
138;214
139;41
139;42
139;43
139;44
139;45
139;46
139;47
139;48
139;49
139;50
139;51
139;52
139;53
139;54
139;55
139;56
139;57
139;58
139;59
139;60
139;61
139;110
139;111
139;112
139;113
139;114
139;115
139;116
139;117
139;118
139;119
139;120
139;121
139;122
139;123
139;124
139;125
139;126
139;159
139;160
139;161
139;162
139;163
139;164
139;165
139;166
139;167
139;168
139;169
139;170
139;171
139;172
139;194
139;195
139;196
139;197
139;198
139;199
139;200
139;201
139;202
139;203
139;204
139;205
139;206
139;207
139;208
139;209
139;210
139;211
139;212
139;213
139;214
140;42
140;43
140;44
140;45
140;46
140;47
140;48
140;49
140;50
140;51
140;52
140;53
140;54
140;55
140;56
140;57
140;58
140;59
140;60
140;112
140;113
140;114
140;115
140;116
140;117
140;118
140;119
140;120
140;121
140;122
140;123
140;124
140;160
140;161
140;162
140;163
140;164
140;165
140;166
140;167
140;168
140;169
140;170
140;171
140;172
140;194
140;195
140;196
140;197
140;198
140;199
140;200
140;201
140;202
140;203
140;204
140;205
140;206
140;207
140;208
140;209
140;210
140;211
140;212
140;213
140;214
141;43
141;44
141;45
141;46
141;47
141;48
141;49
141;50
141;51
141;52
141;53
141;54
141;55
141;56
141;57
141;58
141;59
141;60
141;114
141;115
141;116
141;117
141;118
141;119
141;120
141;121
141;122
141;160
141;161
141;162
141;163
141;164
141;165
141;166
141;167
141;168
141;169
141;170
141;171
141;194
141;195
141;196
141;197
141;198
141;199
141;200
141;201
141;202
141;203
141;204
141;205
141;206
141;207
141;208
141;209
141;210
141;211
141;212
141;213
141;214
142;44
142;45
142;46
142;47
142;48
142;49
142;50
142;51
142;52
142;53
142;54
142;55
142;56
142;57
142;58
142;162
142;163
142;164
142;165
142;166
142;167
142;168
142;169
142;170
142;195
142;196
142;197
142;198
142;199
142;200
142;201
142;202
142;203
142;204
142;205
142;206
142;207
142;208
142;209
142;210
142;211
142;212
142;213
142;214
143;46
143;47
143;48
143;49
143;50
143;51
143;52
143;53
143;54
143;55
143;56
143;162
143;163
143;164
143;165
143;166
143;167
143;168
143;169
143;170
143;195
143;196
143;197
143;198
143;199
143;200
143;201
143;202
143;203
143;204
143;205
143;206
143;207
143;208
143;209
143;210
143;211
143;212
143;213
143;214
144;48
144;50
144;52
144;54
144;163
144;164
144;165
144;166
144;167
144;168
144;169
144;196
144;197
144;198
144;199
144;200
144;201
144;202
144;203
144;204
144;205
144;206
144;207
144;208
144;209
144;210
144;211
144;212
144;213
144;214
145;164
145;165
145;166
145;167
145;168
145;169
145;196
145;197
145;198
145;199
145;200
145;201
145;202
145;203
145;204
145;205
145;206
145;207
145;208
145;209
145;210
145;211
145;212
145;213
145;214
146;164
146;165
146;166
146;167
146;168
146;198
146;199
146;200
146;201
146;202
146;203
146;204
146;205
146;206
146;207
146;208
146;209
146;210
146;211
146;212
146;213
146;214
147;165
147;166
147;167
147;168
147;199
147;200
147;201
147;202
147;203
147;204
147;205
147;206
147;207
147;208
147;209
147;210
147;211
147;212
147;213
147;214
148;166
148;167
148;200
148;201
148;202
148;203
148;204
148;205
148;206
148;207
148;208
148;209
148;210
148;211
148;212
149;204
149;205
149;206
149;207
149;208
149;210
153;213
153;214
154;212
154;213
154;214
155;211
155;212
155;213
155;214
156;209
156;210
156;211
156;212
156;213
156;214
157;208
157;209
157;210
157;211
157;212
157;213
157;214
158;5
158;7
158;9
158;11
158;13
158;207
158;208
158;209
158;210
158;211
158;212
158;213
158;214
159;4
159;5
159;6
159;7
159;8
159;9
159;10
159;11
159;12
159;13
159;14
159;15
159;16
159;17
159;18
159;19
159;20
159;21
159;22
159;23
159;25
159;27
159;29
159;31
159;205
159;206
159;207
159;208
159;209
159;210
159;211
159;212
159;213
159;214
160;4
160;5
160;6
160;7
160;8
160;9
160;10
160;11
160;12
160;13
160;14
160;15
160;16
160;17
160;18
160;19
160;20
160;21
160;22
160;23
160;24
160;25
160;26
160;27
160;28
160;29
160;30
160;31
160;32
160;33
160;34
160;35
160;36
160;37
160;205
160;206
160;207
160;208
160;209
160;210
160;211
160;212
160;213
160;214
161;4
161;5
161;6
161;7
161;8
161;9
161;10
161;11
161;12
161;13
161;14
161;15
161;16
161;17
161;18
161;19
161;20
161;21
161;22
161;23
161;24
161;25
161;26
161;27
161;28
161;29
161;30
161;31
161;32
161;33
161;34
161;35
161;36
161;37
161;203
161;204
161;205
161;206
161;207
161;208
161;209
161;210
161;211
161;212
161;213
161;214
162;4
162;5
162;6
162;7
162;8
162;9
162;10
162;11
162;12
162;13
162;14
162;15
162;16
162;17
162;18
162;19
162;20
162;21
162;22
162;23
162;24
162;25
162;26
162;27
162;28
162;29
162;30
162;31
162;32
162;33
162;34
162;35
162;36
162;37
162;201
162;202
162;203
162;204
162;205
162;206
162;207
162;208
162;209
162;210
162;211
162;212
162;213
162;214
163;4
163;5
163;6
163;7
163;8
163;9
163;10
163;11
163;12
163;13
163;14
163;15
163;16
163;17
163;18
163;19
163;20
163;21
163;22
163;23
163;24
163;25
163;26
163;27
163;28
163;29
163;30
163;31
163;32
163;33
163;34
163;35
163;36
163;37
163;201
163;202
163;203
163;204
163;205
163;206
163;207
163;208
163;209
163;210
163;211
163;212
163;213
163;214
164;4
164;5
164;6
164;7
164;8
164;9
164;10
164;11
164;12
164;13
164;14
164;15
164;16
164;17
164;18
164;19
164;20
164;21
164;22
164;23
164;24
164;25
164;26
164;27
164;28
164;29
164;30
164;31
164;32
164;33
164;34
164;35
164;36
164;37
164;202
164;203
164;204
164;205
164;206
164;207
164;208
164;209
164;210
164;211
164;212
164;213
164;214
165;4
165;5
165;6
165;7
165;8
165;9
165;10
165;11
165;12
165;13
165;14
165;15
165;16
165;17
165;18
165;19
165;20
165;21
165;22
165;23
165;24
165;25
165;26
165;27
165;28
165;29
165;30
165;31
165;32
165;33
165;34
165;35
165;36
165;37
165;203
165;204
165;205
165;206
165;207
165;208
165;209
165;210
165;211
165;212
165;213
165;214
166;4
166;5
166;6
166;7
166;8
166;9
166;10
166;11
166;12
166;13
166;14
166;15
166;16
166;17
166;18
166;19
166;20
166;21
166;22
166;23
166;24
166;25
166;26
166;27
166;28
166;29
166;30
166;31
166;32
166;33
166;34
166;35
166;36
166;37
166;204
166;205
166;206
166;207
166;208
166;209
166;210
166;211
166;212
166;213
166;214
167;3
167;4
167;5
167;6
167;7
167;8
167;9
167;10
167;11
167;12
167;13
167;14
167;15
167;16
167;17
167;18
167;19
167;20
167;21
167;22
167;23
167;24
167;25
167;26
167;27
167;28
167;29
167;30
167;31
167;32
167;33
167;34
167;35
167;36
167;37
167;205
167;206
167;207
167;208
167;209
167;210
167;211
167;212
167;213
167;214
168;3
168;4
168;5
168;6
168;7
168;8
168;9
168;10
168;11
168;12
168;13
168;14
168;15
168;16
168;17
168;18
168;19
168;20
168;21
168;22
168;23
168;24
168;25
168;26
168;27
168;28
168;29
168;30
168;31
168;32
168;33
168;34
168;35
168;36
168;206
168;207
168;208
168;209
168;210
168;211
168;212
168;213
168;214
169;3
169;4
169;5
169;6
169;7
169;8
169;9
169;10
169;11
169;12
169;13
169;14
169;15
169;16
169;17
169;18
169;19
169;20
169;21
169;22
169;23
169;24
169;25
169;26
169;27
169;28
169;29
169;30
169;31
169;32
169;33
169;34
169;35
169;36
169;207
169;208
169;209
169;210
169;211
169;212
169;213
169;214
170;3
170;4
170;5
170;6
170;7
170;8
170;9
170;10
170;11
170;12
170;13
170;14
170;15
170;16
170;17
170;18
170;19
170;20
170;21
170;22
170;23
170;24
170;25
170;26
170;27
170;28
170;29
170;30
170;31
170;32
170;33
170;34
170;35
170;36
170;61
170;208
170;209
170;210
170;211
170;212
170;213
170;214
171;3
171;4
171;5
171;6
171;7
171;8
171;9
171;10
171;11
171;12
171;13
171;14
171;15
171;16
171;17
171;18
171;19
171;20
171;21
171;22
171;23
171;24
171;25
171;26
171;27
171;28
171;29
171;30
171;31
171;32
171;33
171;34
171;35
171;36
171;37
171;39
171;41
171;43
171;45
171;47
171;48
171;49
171;50
171;51
171;52
171;53
171;54
171;55
171;56
171;57
171;58
171;59
171;60
171;61
171;62
171;209
171;210
171;211
171;212
171;213
171;214
172;3
172;4
172;5
172;6
172;7
172;8
172;9
172;10
172;11
172;12
172;13
172;14
172;15
172;16
172;17
172;18
172;19
172;20
172;21
172;22
172;23
172;24
172;25
172;26
172;27
172;28
172;29
172;30
172;31
172;32
172;33
172;34
172;35
172;36
172;37
172;38
172;39
172;40
172;41
172;42
172;43
172;44
172;45
172;46
172;47
172;48
172;49
172;50
172;51
172;52
172;53
172;54
172;55
172;56
172;57
172;58
172;59
172;60
172;61
172;210
172;211
172;212
172;213
172;214
173;3
173;4
173;5
173;6
173;7
173;8
173;9
173;10
173;11
173;12
173;13
173;14
173;15
173;16
173;17
173;18
173;19
173;20
173;21
173;22
173;23
173;24
173;25
173;26
173;27
173;28
173;29
173;30
173;31
173;32
173;33
173;34
173;35
173;36
173;37
173;38
173;39
173;40
173;41
173;42
173;43
173;44
173;45
173;46
173;47
173;48
173;49
173;50
173;51
173;52
173;53
173;54
173;55
173;56
173;57
173;58
173;59
173;60
173;61
173;212
173;213
173;214
174;3
174;4
174;5
174;6
174;7
174;8
174;9
174;10
174;11
174;12
174;13
174;14
174;15
174;16
174;17
174;18
174;19
174;20
174;21
174;22
174;23
174;24
174;25
174;26
174;27
174;28
174;29
174;30
174;31
174;32
174;33
174;34
174;35
174;36
174;37
174;38
174;39
174;40
174;41
174;42
174;43
174;44
174;45
174;46
174;47
174;48
174;49
174;50
174;51
174;52
174;53
174;54
174;55
174;56
174;57
174;58
174;59
174;60
174;212
174;213
174;214
175;3
175;4
175;5
175;6
175;7
175;8
175;9
175;10
175;11
175;12
175;13
175;14
175;15
175;16
175;17
175;18
175;19
175;20
175;21
175;22
175;23
175;24
175;25
175;26
175;27
175;28
175;29
175;30
175;31
175;32
175;33
175;34
175;35
175;36
175;37
175;38
175;39
175;40
175;41
175;42
175;43
175;44
175;45
175;46
175;47
175;48
175;49
175;50
175;51
175;52
175;53
175;54
175;55
175;56
175;57
175;58
175;59
175;60
176;3
176;4
176;5
176;6
176;7
176;8
176;9
176;10
176;11
176;12
176;13
176;14
176;15
176;16
176;17
176;18
176;19
176;20
176;21
176;22
176;23
176;24
176;25
176;26
176;27
176;28
176;29
176;30
176;31
176;32
176;33
176;34
176;35
176;36
176;37
176;38
176;39
176;40
176;41
176;42
176;43
176;44
176;45
176;46
176;47
176;48
176;49
176;50
176;51
176;52
176;53
176;54
176;55
176;56
176;57
176;58
176;59
177;3
177;4
177;5
177;6
177;7
177;8
177;9
177;10
177;11
177;12
177;13
177;14
177;15
177;16
177;17
177;18
177;19
177;20
177;21
177;22
177;23
177;24
177;25
177;26
177;27
177;28
177;29
177;30
177;31
177;32
177;33
177;34
177;35
177;36
177;37
177;38
177;39
177;40
177;41
177;42
177;43
177;44
177;45
177;46
177;47
177;48
177;49
177;50
177;51
177;52
177;53
177;54
177;55
177;56
177;57
177;58
178;3
178;4
178;5
178;6
178;7
178;8
178;9
178;10
178;11
178;12
178;13
178;14
178;15
178;16
178;17
178;18
178;19
178;20
178;21
178;22
178;23
178;24
178;25
178;26
178;27
178;28
178;29
178;30
178;31
178;32
178;33
178;34
178;35
178;36
178;37
178;38
178;39
178;40
178;41
178;42
178;43
178;44
178;45
178;46
178;47
178;48
178;49
178;50
178;51
178;52
178;53
178;54
178;55
178;56
178;57
178;58
179;3
179;4
179;5
179;6
179;7
179;8
179;9
179;10
179;11
179;12
179;13
179;14
179;15
179;16
179;17
179;18
179;19
179;20
179;21
179;22
179;23
179;24
179;25
179;26
179;27
179;28
179;29
179;30
179;31
179;32
179;33
179;34
179;35
179;36
179;37
179;38
179;39
179;40
179;41
179;42
179;43
179;44
179;45
179;46
179;47
179;48
179;49
179;50
179;51
179;52
179;53
179;54
179;55
179;56
179;57
180;3
180;4
180;5
180;6
180;7
180;8
180;9
180;10
180;11
180;12
180;13
180;14
180;15
180;16
180;17
180;18
180;19
180;20
180;21
180;22
180;23
180;24
180;25
180;26
180;27
180;28
180;29
180;30
180;31
180;32
180;33
180;34
180;35
180;36
180;37
180;38
180;39
180;40
180;41
180;42
180;43
180;44
180;45
180;46
180;47
180;48
180;49
180;50
180;51
180;52
180;53
180;54
180;55
180;56
181;3
181;4
181;5
181;6
181;7
181;8
181;9
181;10
181;11
181;12
181;13
181;14
181;15
181;16
181;17
181;18
181;19
181;20
181;21
181;22
181;23
181;24
181;25
181;26
181;27
181;28
181;29
181;30
181;31
181;32
181;33
181;34
181;35
181;36
181;37
181;38
181;39
181;40
181;41
181;42
181;43
181;44
181;45
181;46
181;47
181;48
181;49
181;50
181;51
181;52
181;53
181;54
181;55
181;56
182;2
182;3
182;4
182;5
182;6
182;7
182;8
182;9
182;10
182;11
182;12
182;13
182;14
182;15
182;16
182;17
182;18
182;19
182;20
182;21
182;22
182;23
182;24
182;25
182;26
182;27
182;28
182;29
182;30
182;31
182;32
182;33
182;34
182;35
182;36
182;37
182;38
182;39
182;40
182;41
182;42
182;43
182;44
182;45
182;46
182;47
182;48
182;49
182;50
182;51
182;52
182;53
182;54
182;55
182;56
183;2
183;3
183;4
183;5
183;6
183;7
183;8
183;9
183;10
183;11
183;12
183;13
183;14
183;15
183;16
183;17
183;18
183;19
183;20
183;21
183;22
183;23
183;24
183;25
183;26
183;27
183;28
183;29
183;30
183;31
183;32
183;33
183;34
183;35
183;36
183;37
183;38
183;39
183;40
183;41
183;42
183;43
183;44
183;45
183;46
183;47
183;48
183;49
183;50
183;51
183;52
183;53
183;54
183;55
184;2
184;3
184;4
184;5
184;6
184;7
184;8
184;9
184;10
184;11
184;12
184;13
184;14
184;15
184;16
184;17
184;18
184;19
184;20
184;21
184;22
184;23
184;24
184;25
184;26
184;27
184;28
184;29
184;30
184;31
184;32
184;33
184;34
184;35
184;36
184;37
184;38
184;39
184;40
184;41
184;42
184;43
184;44
184;45
184;46
184;47
184;48
184;49
184;50
184;51
184;52
184;53
184;54
185;2
185;3
185;4
185;5
185;6
185;7
185;8
185;9
185;10
185;11
185;12
185;13
185;14
185;15
185;16
185;17
185;18
185;19
185;20
185;21
185;22
185;23
185;24
185;25
185;26
185;27
185;28
185;29
185;30
185;31
185;32
185;33
185;34
185;35
185;36
185;37
185;38
185;39
185;40
185;41
185;42
185;43
185;44
185;45
185;46
185;47
185;48
185;49
185;50
185;51
185;52
185;53
185;54
