186;215;136;82;63;63
0;58
0;59
0;60
0;61
0;62
0;63
0;64
0;65
0;66
0;67
0;68
0;69
0;70
0;71
0;72
0;73
0;74
0;75
0;76
0;77
0;78
0;79
0;80
0;81
0;82
0;83
0;84
0;85
0;86
0;87
0;88
0;89
0;123
0;124
0;125
0;126
0;127
0;155
0;156
0;157
0;158
0;159
0;160
0;161
0;162
0;163
1;58
1;59
1;60
1;61
1;62
1;63
1;64
1;65
1;66
1;67
1;68
1;69
1;70
1;71
1;72
1;73
1;74
1;75
1;76
1;77
1;78
1;79
1;80
1;81
1;82
1;83
1;84
1;85
1;86
1;87
1;88
1;121
1;122
1;123
1;124
1;125
1;126
1;127
1;128
1;153
1;154
1;155
1;156
1;157
1;158
1;159
1;160
1;161
1;162
1;163
2;58
2;59
2;60
2;61
2;62
2;63
2;64
2;65
2;66
2;67
2;68
2;69
2;70
2;71
2;72
2;73
2;74
2;75
2;76
2;77
2;78
2;79
2;80
2;81
2;82
2;83
2;84
2;85
2;86
2;87
2;88
2;119
2;120
2;121
2;122
2;123
2;124
2;125
2;126
2;127
2;128
2;129
2;152
2;153
2;154
2;155
2;156
2;157
2;158
2;159
2;160
2;161
2;162
2;163
2;164
3;58
3;59
3;60
3;61
3;62
3;63
3;64
3;65
3;66
3;67
3;68
3;69
3;70
3;71
3;72
3;73
3;74
3;75
3;76
3;77
3;78
3;79
3;80
3;81
3;82
3;83
3;84
3;85
3;86
3;87
3;88
3;115
3;117
3;118
3;119
3;120
3;121
3;122
3;123
3;124
3;125
3;126
3;127
3;128
3;129
3;151
3;152
3;153
3;154
3;155
3;156
3;157
3;158
3;159
3;160
3;161
3;162
3;163
3;164
4;58
4;59
4;60
4;61
4;62
4;63
4;64
4;65
4;66
4;67
4;68
4;69
4;70
4;71
4;72
4;73
4;74
4;75
4;76
4;77
4;78
4;79
4;80
4;81
4;82
4;83
4;84
4;85
4;86
4;87
4;88
4;113
4;114
4;115
4;116
4;117
4;118
4;119
4;120
4;121
4;122
4;123
4;124
4;125
4;126
4;127
4;128
4;129
4;130
4;149
4;150
4;151
4;152
4;153
4;154
4;155
4;156
4;157
4;158
4;159
4;160
4;161
4;162
4;163
4;164
5;59
5;60
5;61
5;62
5;63
5;64
5;65
5;66
5;67
5;68
5;69
5;70
5;71
5;72
5;73
5;74
5;75
5;76
5;77
5;78
5;79
5;80
5;81
5;82
5;83
5;84
5;85
5;86
5;87
5;111
5;112
5;113
5;114
5;115
5;116
5;117
5;118
5;119
5;120
5;121
5;122
5;123
5;124
5;125
5;126
5;127
5;128
5;129
5;130
5;149
5;150
5;151
5;152
5;153
5;154
5;155
5;156
5;157
5;158
5;159
5;160
5;161
5;162
5;163
5;164
6;59
6;60
6;61
6;62
6;63
6;64
6;65
6;66
6;67
6;68
6;69
6;70
6;71
6;72
6;73
6;74
6;75
6;76
6;77
6;78
6;79
6;80
6;81
6;82
6;83
6;84
6;85
6;86
6;87
6;109
6;110
6;111
6;112
6;113
6;114
6;115
6;116
6;117
6;118
6;119
6;120
6;121
6;122
6;123
6;124
6;125
6;126
6;127
6;128
6;129
6;130
6;131
6;147
6;148
6;149
6;150
6;151
6;152
6;153
6;154
6;155
6;156
6;157
6;158
6;159
6;160
6;161
6;162
6;163
6;164
6;165
7;60
7;61
7;62
7;63
7;64
7;65
7;66
7;67
7;68
7;69
7;70
7;71
7;72
7;73
7;74
7;75
7;76
7;77
7;78
7;79
7;80
7;81
7;82
7;83
7;84
7;85
7;86
7;107
7;108
7;109
7;110
7;111
7;112
7;113
7;114
7;115
7;116
7;117
7;118
7;119
7;120
7;121
7;122
7;123
7;124
7;125
7;126
7;127
7;128
7;129
7;130
7;131
7;146
7;147
7;148
7;149
7;150
7;151
7;152
7;153
7;154
7;155
7;156
7;157
7;158
7;159
7;160
7;161
7;162
7;163
7;164
7;165
7;179
7;181
7;183
7;185
7;187
8;60
8;61
8;62
8;63
8;64
8;65
8;66
8;67
8;68
8;69
8;70
8;71
8;72
8;73
8;74
8;75
8;76
8;77
8;78
8;79
8;80
8;81
8;82
8;83
8;84
8;85
8;86
8;103
8;104
8;105
8;106
8;107
8;108
8;109
8;110
8;111
8;112
8;113
8;114
8;115
8;116
8;117
8;118
8;119
8;120
8;121
8;122
8;123
8;124
8;125
8;126
8;127
8;128
8;129
8;130
8;131
8;132
8;145
8;146
8;147
8;148
8;149
8;150
8;151
8;152
8;153
8;154
8;155
8;156
8;157
8;158
8;159
8;160
8;161
8;162
8;163
8;164
8;165
8;177
8;178
8;179
8;180
8;181
8;182
8;183
8;184
8;185
8;186
8;187
8;188
8;189
9;62
9;63
9;64
9;65
9;66
9;67
9;68
9;69
9;70
9;71
9;72
9;73
9;74
9;75
9;76
9;77
9;78
9;79
9;80
9;81
9;82
9;83
9;84
9;101
9;102
9;103
9;104
9;105
9;106
9;107
9;108
9;109
9;110
9;111
9;112
9;113
9;114
9;115
9;116
9;117
9;118
9;119
9;120
9;121
9;122
9;123
9;124
9;125
9;126
9;127
9;128
9;129
9;130
9;131
9;132
9;133
9;143
9;144
9;145
9;146
9;147
9;148
9;149
9;150
9;151
9;152
9;153
9;154
9;155
9;156
9;157
9;158
9;159
9;160
9;161
9;162
9;163
9;164
9;165
9;175
9;176
9;177
9;178
9;179
9;180
9;181
9;182
9;183
9;184
9;185
9;186
9;187
9;188
9;189
9;190
9;191
10;62
10;63
10;64
10;65
10;66
10;67
10;68
10;69
10;70
10;71
10;72
10;73
10;74
10;75
10;76
10;77
10;78
10;79
10;80
10;81
10;82
10;83
10;84
10;99
10;100
10;101
10;102
10;103
10;104
10;105
10;106
10;107
10;108
10;109
10;110
10;111
10;112
10;113
10;114
10;115
10;116
10;117
10;118
10;119
10;120
10;121
10;122
10;123
10;124
10;125
10;126
10;127
10;128
10;129
10;130
10;131
10;132
10;133
10;144
10;145
10;146
10;147
10;148
10;149
10;150
10;151
10;152
10;153
10;154
10;155
10;156
10;157
10;158
10;159
10;160
10;161
10;162
10;163
10;164
10;165
10;166
10;173
10;174
10;175
10;176
10;177
10;178
10;179
10;180
10;181
10;182
10;183
10;184
10;185
10;186
10;187
10;188
10;189
10;190
10;191
10;192
10;193
11;64
11;65
11;66
11;67
11;68
11;69
11;70
11;71
11;72
11;73
11;74
11;75
11;76
11;77
11;78
11;79
11;80
11;81
11;82
11;98
11;99
11;100
11;101
11;102
11;103
11;104
11;105
11;106
11;107
11;108
11;109
11;110
11;111
11;112
11;113
11;114
11;115
11;116
11;117
11;118
11;119
11;120
11;121
11;122
11;123
11;124
11;125
11;126
11;127
11;128
11;129
11;130
11;131
11;132
11;133
11;134
11;146
11;147
11;148
11;149
11;150
11;151
11;152
11;153
11;154
11;155
11;156
11;157
11;158
11;159
11;160
11;161
11;162
11;163
11;164
11;165
11;166
11;171
11;172
11;173
11;174
11;175
11;176
11;177
11;178
11;179
11;180
11;181
11;182
11;183
11;184
11;185
11;186
11;187
11;188
11;189
11;190
11;191
11;192
11;193
11;194
11;195
12;66
12;67
12;68
12;69
12;70
12;71
12;72
12;73
12;74
12;75
12;76
12;77
12;78
12;79
12;80
12;99
12;100
12;101
12;102
12;103
12;104
12;105
12;106
12;107
12;108
12;109
12;110
12;111
12;112
12;113
12;114
12;115
12;116
12;117
12;118
12;119
12;120
12;121
12;122
12;123
12;124
12;125
12;126
12;127
12;128
12;129
12;130
12;131
12;132
12;133
12;134
12;150
12;151
12;152
12;153
12;154
12;155
12;156
12;157
12;158
12;159
12;160
12;161
12;162
12;163
12;164
12;165
12;166
12;171
12;172
12;173
12;174
12;175
12;176
12;177
12;178
12;179
12;180
12;181
12;182
12;183
12;184
12;185
12;186
12;187
12;188
12;189
12;190
12;191
12;192
12;193
12;194
12;195
12;196
12;197
13;68
13;70
13;71
13;72
13;73
13;74
13;75
13;76
13;78
13;100
13;101
13;102
13;103
13;104
13;105
13;106
13;107
13;108
13;109
13;110
13;111
13;112
13;113
13;114
13;115
13;116
13;117
13;118
13;119
13;120
13;121
13;122
13;123
13;124
13;125
13;126
13;127
13;128
13;129
13;130
13;131
13;132
13;133
13;134
13;135
13;154
13;155
13;156
13;157
13;158
13;159
13;160
13;161
13;162
13;163
13;164
13;165
13;166
13;167
13;169
13;170
13;171
13;172
13;173
13;174
13;175
13;176
13;177
13;178
13;179
13;180
13;181
13;182
13;183
13;184
13;185
13;186
13;187
13;188
13;189
13;190
13;191
13;192
13;193
13;194
13;195
13;196
13;197
13;198
13;199
14;100
14;101
14;102
14;103
14;104
14;105
14;106
14;107
14;108
14;109
14;110
14;111
14;112
14;113
14;114
14;115
14;116
14;117
14;118
14;119
14;120
14;121
14;122
14;123
14;124
14;125
14;126
14;127
14;128
14;129
14;130
14;131
14;132
14;133
14;134
14;135
14;158
14;159
14;160
14;161
14;162
14;163
14;164
14;165
14;166
14;167
14;169
14;170
14;171
14;172
14;173
14;174
14;175
14;176
14;177
14;178
14;179
14;180
14;181
14;182
14;183
14;184
14;185
14;186
14;187
14;188
14;189
14;190
14;191
14;192
14;193
14;194
14;195
14;196
14;197
14;198
14;199
14;200
14;201
15;100
15;101
15;102
15;103
15;104
15;105
15;106
15;107
15;108
15;109
15;110
15;111
15;112
15;113
15;114
15;115
15;116
15;117
15;118
15;119
15;120
15;121
15;122
15;123
15;124
15;125
15;126
15;127
15;128
15;129
15;130
15;131
15;132
15;133
15;134
15;135
15;136
15;162
15;163
15;164
15;165
15;166
15;167
15;168
15;169
15;170
15;171
15;172
15;173
15;174
15;175
15;176
15;177
15;178
15;179
15;180
15;181
15;182
15;183
15;184
15;185
15;186
15;187
15;188
15;189
15;190
15;191
15;192
15;193
15;194
15;195
15;196
15;197
15;198
15;199
15;200
15;201
15;202
15;203
16;101
16;102
16;103
16;104
16;105
16;106
16;107
16;108
16;109
16;110
16;111
16;112
16;113
16;114
16;115
16;116
16;117
16;118
16;119
16;120
16;121
16;122
16;123
16;124
16;125
16;126
16;127
16;128
16;129
16;130
16;131
16;132
16;133
16;134
16;135
16;136
16;137
16;166
16;167
16;168
16;169
16;170
16;171
16;172
16;173
16;174
16;175
16;176
16;177
16;178
16;179
16;180
16;181
16;182
16;183
16;184
16;185
16;186
16;187
16;188
16;189
16;190
16;191
16;192
16;193
16;194
16;195
16;196
16;197
16;198
16;199
16;200
16;201
16;202
16;203
17;102
17;103
17;104
17;105
17;106
17;107
17;108
17;109
17;110
17;111
17;112
17;113
17;114
17;115
17;116
17;117
17;118
17;119
17;120
17;121
17;122
17;123
17;124
17;125
17;126
17;127
17;128
17;129
17;130
17;131
17;132
17;133
17;134
17;135
17;136
17;137
17;167
17;168
17;169
17;170
17;171
17;172
17;173
17;174
17;175
17;176
17;177
17;178
17;179
17;180
17;181
17;182
17;183
17;184
17;185
17;186
17;187
17;188
17;189
17;190
17;191
17;192
17;193
17;194
17;195
17;196
17;197
17;198
17;199
17;200
17;201
17;202
17;203
17;204
17;205
18;102
18;103
18;104
18;105
18;106
18;107
18;108
18;109
18;110
18;111
18;112
18;113
18;114
18;115
18;116
18;117
18;118
18;119
18;120
18;121
18;122
18;123
18;124
18;125
18;126
18;127
18;128
18;129
18;130
18;131
18;132
18;133
18;134
18;135
18;136
18;137
18;167
18;168
18;169
18;170
18;171
18;172
18;173
18;174
18;175
18;176
18;177
18;178
18;179
18;180
18;181
18;182
18;183
18;184
18;185
18;186
18;187
18;188
18;189
18;190
18;191
18;192
18;193
18;194
18;195
18;196
18;197
18;198
18;199
18;200
18;201
18;202
18;203
18;204
18;205
19;103
19;104
19;105
19;106
19;107
19;108
19;109
19;110
19;111
19;112
19;113
19;114
19;115
19;116
19;117
19;118
19;119
19;120
19;121
19;122
19;123
19;124
19;125
19;126
19;127
19;128
19;129
19;130
19;131
19;132
19;133
19;134
19;135
19;136
19;137
19;138
19;167
19;168
19;169
19;170
19;171
19;172
19;173
19;174
19;175
19;176
19;177
19;178
19;179
19;180
19;181
19;182
19;183
19;184
19;185
19;186
19;187
19;188
19;189
19;190
19;191
19;192
19;193
19;194
19;195
19;196
19;197
19;198
19;199
19;200
19;201
19;202
19;203
19;204
19;205
19;206
20;104
20;105
20;106
20;107
20;108
20;109
20;110
20;111
20;112
20;113
20;114
20;115
20;116
20;117
20;118
20;119
20;120
20;121
20;122
20;123
20;124
20;125
20;126
20;127
20;128
20;129
20;130
20;131
20;132
20;133
20;134
20;135
20;136
20;137
20;138
20;139
20;167
20;168
20;169
20;170
20;171
20;172
20;173
20;174
20;175
20;176
20;177
20;178
20;179
20;180
20;181
20;182
20;183
20;184
20;185
20;186
20;187
20;188
20;189
20;190
20;191
20;192
20;193
20;194
20;195
20;196
20;197
20;198
20;199
20;200
20;201
20;202
20;203
20;204
20;205
20;206
20;207
21;104
21;105
21;106
21;107
21;108
21;109
21;110
21;111
21;112
21;113
21;114
21;115
21;116
21;117
21;118
21;119
21;120
21;121
21;122
21;123
21;124
21;125
21;126
21;127
21;128
21;129
21;130
21;131
21;132
21;133
21;134
21;135
21;136
21;137
21;138
21;139
21;166
21;167
21;168
21;169
21;170
21;171
21;172
21;173
21;174
21;175
21;176
21;177
21;178
21;179
21;180
21;181
21;182
21;183
21;184
21;185
21;186
21;187
21;188
21;189
21;190
21;191
21;192
21;193
21;194
21;195
21;196
21;197
21;198
21;199
21;200
21;201
21;202
21;203
21;204
21;205
21;206
21;207
22;104
22;105
22;106
22;107
22;108
22;109
22;110
22;111
22;112
22;113
22;114
22;115
22;116
22;117
22;118
22;119
22;120
22;121
22;122
22;123
22;124
22;125
22;126
22;127
22;128
22;129
22;130
22;131
22;132
22;133
22;134
22;135
22;136
22;137
22;138
22;139
22;140
22;166
22;167
22;168
22;169
22;170
22;171
22;172
22;173
22;174
22;175
22;176
22;177
22;178
22;179
22;180
22;181
22;182
22;183
22;184
22;185
22;186
22;187
22;188
22;189
22;190
22;191
22;192
22;193
22;194
22;195
22;196
22;197
22;198
22;199
22;200
22;201
22;202
22;203
22;204
22;205
22;206
22;207
23;105
23;106
23;107
23;108
23;109
23;110
23;111
23;112
23;113
23;114
23;115
23;116
23;117
23;118
23;119
23;120
23;121
23;122
23;123
23;124
23;125
23;126
23;127
23;128
23;129
23;130
23;131
23;132
23;133
23;134
23;135
23;136
23;137
23;138
23;139
23;140
23;166
23;167
23;168
23;169
23;170
23;171
23;172
23;173
23;174
23;175
23;176
23;177
23;178
23;179
23;180
23;181
23;182
23;183
23;184
23;185
23;186
23;187
23;188
23;189
23;190
23;191
23;192
23;193
23;194
23;195
23;196
23;197
23;198
23;199
23;200
23;201
23;202
23;203
23;204
23;205
23;206
23;207
23;208
24;106
24;107
24;108
24;109
24;110
24;111
24;112
24;113
24;114
24;115
24;116
24;117
24;118
24;119
24;120
24;121
24;122
24;123
24;124
24;125
24;126
24;127
24;128
24;129
24;130
24;131
24;132
24;133
24;134
24;135
24;136
24;137
24;138
24;139
24;140
24;167
24;168
24;169
24;170
24;171
24;172
24;173
24;174
24;175
24;176
24;177
24;178
24;179
24;180
24;181
24;182
24;183
24;184
24;185
24;186
24;187
24;188
24;189
24;190
24;191
24;192
24;193
24;194
24;195
24;196
24;197
24;198
24;199
24;200
24;201
24;202
24;203
24;204
24;205
24;206
24;207
24;208
25;106
25;107
25;108
25;109
25;110
25;111
25;112
25;113
25;114
25;115
25;116
25;117
25;118
25;119
25;120
25;121
25;122
25;123
25;124
25;125
25;126
25;127
25;128
25;129
25;130
25;131
25;132
25;133
25;134
25;135
25;136
25;137
25;138
25;167
25;168
25;169
25;170
25;171
25;172
25;173
25;174
25;175
25;176
25;177
25;178
25;179
25;180
25;181
25;182
25;183
25;184
25;185
25;186
25;187
25;188
25;189
25;190
25;191
25;192
25;193
25;194
25;195
25;196
25;197
25;198
25;199
25;200
25;201
25;202
25;203
25;204
25;205
25;206
25;207
25;208
26;107
26;108
26;109
26;110
26;111
26;112
26;113
26;114
26;115
26;116
26;117
26;118
26;119
26;120
26;121
26;122
26;123
26;124
26;125
26;126
26;127
26;128
26;129
26;130
26;131
26;132
26;133
26;134
26;135
26;136
26;167
26;168
26;169
26;170
26;171
26;172
26;173
26;174
26;175
26;176
26;177
26;178
26;179
26;180
26;181
26;182
26;183
26;184
26;185
26;186
26;187
26;188
26;189
26;190
26;191
26;192
26;193
26;194
26;195
26;196
26;197
26;198
26;199
26;200
26;201
26;202
26;203
26;204
26;205
26;206
26;207
26;208
26;209
27;107
27;108
27;109
27;110
27;111
27;112
27;113
27;114
27;115
27;116
27;117
27;118
27;119
27;120
27;121
27;122
27;123
27;124
27;125
27;126
27;127
27;128
27;129
27;130
27;131
27;132
27;168
27;169
27;170
27;171
27;172
27;173
27;174
27;175
27;176
27;177
27;178
27;179
27;180
27;181
27;182
27;183
27;184
27;185
27;186
27;187
27;188
27;189
27;190
27;191
27;192
27;193
27;194
27;195
27;196
27;197
27;198
27;199
27;200
27;201
27;202
27;203
27;204
27;205
27;206
27;207
27;208
27;209
28;108
28;109
28;110
28;111
28;112
28;113
28;114
28;115
28;116
28;117
28;118
28;119
28;120
28;121
28;122
28;123
28;124
28;125
28;126
28;127
28;128
28;129
28;130
28;168
28;169
28;170
28;171
28;172
28;173
28;174
28;175
28;176
28;177
28;178
28;179
28;180
28;181
28;182
28;183
28;184
28;185
28;186
28;187
28;188
28;189
28;190
28;191
28;192
28;193
28;194
28;195
28;196
28;197
28;198
28;199
28;200
28;201
28;202
28;203
28;204
28;205
28;206
28;207
28;208
28;209
29;108
29;109
29;110
29;111
29;112
29;113
29;114
29;115
29;116
29;117
29;118
29;119
29;120
29;121
29;122
29;123
29;124
29;125
29;126
29;127
29;128
29;169
29;170
29;171
29;172
29;173
29;174
29;175
29;176
29;177
29;178
29;179
29;180
29;181
29;182
29;183
29;184
29;185
29;186
29;187
29;188
29;189
29;190
29;191
29;192
29;193
29;194
29;195
29;196
29;197
29;198
29;199
29;200
29;201
29;202
29;203
29;204
29;205
29;206
29;207
29;208
30;109
30;110
30;111
30;112
30;113
30;114
30;115
30;116
30;117
30;118
30;119
30;120
30;121
30;122
30;123
30;124
30;125
30;126
30;170
30;171
30;172
30;173
30;174
30;175
30;176
30;177
30;178
30;179
30;180
30;181
30;182
30;183
30;184
30;185
30;186
30;187
30;188
30;189
30;190
30;191
30;192
30;193
30;194
30;195
30;196
30;197
30;198
30;199
30;200
30;201
30;202
30;203
30;204
30;205
30;206
30;207
30;208
31;110
31;111
31;112
31;113
31;114
31;115
31;116
31;117
31;118
31;119
31;120
31;121
31;122
31;124
31;170
31;171
31;172
31;173
31;174
31;175
31;176
31;177
31;178
31;179
31;180
31;181
31;182
31;183
31;184
31;185
31;186
31;187
31;188
31;189
31;190
31;191
31;192
31;193
31;194
31;195
31;196
31;197
31;198
31;199
31;200
31;201
31;202
31;203
31;204
31;205
31;206
31;207
31;208
32;110
32;111
32;112
32;113
32;114
32;115
32;116
32;117
32;118
32;119
32;120
32;170
32;171
32;172
32;173
32;174
32;175
32;176
32;177
32;178
32;179
32;180
32;181
32;182
32;183
32;184
32;185
32;186
32;187
32;188
32;189
32;190
32;191
32;192
32;193
32;194
32;195
32;196
32;197
32;198
32;199
32;200
32;201
32;202
32;203
32;204
32;205
32;206
32;207
32;208
33;110
33;111
33;112
33;113
33;114
33;115
33;116
33;117
33;118
33;170
33;171
33;172
33;173
33;174
33;175
33;176
33;177
33;178
33;179
33;180
33;181
33;182
33;183
33;184
33;185
33;186
33;187
33;188
33;189
33;190
33;191
33;192
33;193
33;194
33;195
33;196
33;197
33;198
33;199
33;200
33;201
33;202
33;203
33;204
33;205
33;206
33;207
33;208
34;111
34;112
34;113
34;114
34;115
34;116
34;171
34;172
34;173
34;174
34;175
34;176
34;177
34;178
34;179
34;180
34;181
34;182
34;183
34;184
34;185
34;186
34;187
34;188
34;189
34;190
34;191
34;192
34;193
34;194
34;195
34;196
34;197
34;198
34;199
34;200
34;201
34;202
34;203
34;204
34;205
34;206
34;207
35;112
35;113
35;114
35;171
35;172
35;173
35;174
35;175
35;176
35;177
35;178
35;179
35;180
35;181
35;182
35;183
35;184
35;185
35;186
35;187
35;188
35;189
35;190
35;191
35;192
35;193
35;194
35;195
35;196
35;197
35;198
35;199
35;200
35;201
35;202
35;203
35;204
35;205
35;206
36;112
36;172
36;173
36;174
36;175
36;176
36;177
36;178
36;179
36;180
36;181
36;182
36;183
36;184
36;185
36;186
36;187
36;188
36;189
36;190
36;191
36;192
36;193
36;194
36;195
36;196
36;197
36;198
36;199
36;200
36;201
36;202
36;203
36;204
36;205
36;206
37;172
37;173
37;174
37;175
37;176
37;177
37;178
37;179
37;180
37;181
37;182
37;183
37;184
37;185
37;186
37;187
37;188
37;189
37;190
37;191
37;192
37;193
37;194
37;195
37;196
37;197
37;198
37;199
37;200
37;201
37;202
37;203
37;204
37;205
37;206
38;174
38;175
38;176
38;177
38;178
38;179
38;180
38;181
38;182
38;183
38;184
38;185
38;186
38;187
38;188
38;189
38;190
38;191
38;192
38;193
38;194
38;195
38;196
38;197
38;198
38;199
38;200
38;201
38;202
38;203
38;204
39;174
39;175
39;176
39;177
39;178
39;179
39;180
39;181
39;182
39;183
39;184
39;185
39;186
39;187
39;188
39;189
39;190
39;191
39;192
39;193
39;194
39;195
39;196
39;197
39;198
39;199
39;200
39;201
39;202
39;203
39;204
40;176
40;177
40;178
40;179
40;180
40;181
40;182
40;183
40;184
40;185
40;186
40;187
40;188
40;189
40;190
40;191
40;192
40;193
40;194
40;195
40;196
40;197
40;198
40;199
40;200
40;201
40;202
41;176
41;177
41;178
41;179
41;180
41;181
41;182
41;183
41;184
41;185
41;186
41;187
41;188
41;189
41;190
41;191
41;192
41;193
41;194
41;195
41;196
41;197
41;198
41;199
41;200
41;201
41;202
42;178
42;179
42;180
42;181
42;182
42;183
42;184
42;185
42;186
42;187
42;188
42;189
42;190
42;191
42;192
42;193
42;194
42;195
42;196
42;197
42;198
42;199
42;200
43;180
43;181
43;182
43;183
43;184
43;185
43;186
43;187
43;188
43;189
43;190
43;191
43;192
43;193
43;194
43;195
43;196
43;197
43;198
44;182
44;184
44;185
44;186
44;187
44;188
44;189
44;190
44;191
44;192
44;193
44;194
44;196
45;186
45;188
45;190
45;192
52;9
53;3
53;5
53;6
53;7
53;8
53;9
53;10
53;11
53;12
53;13
53;14
53;15
54;1
54;2
54;3
54;4
54;5
54;6
54;7
54;8
54;9
54;10
54;11
54;12
54;13
54;14
54;15
54;16
54;17
55;0
55;1
55;2
55;3
55;4
55;5
55;6
55;7
55;8
55;9
55;10
55;11
55;12
55;13
55;14
55;15
55;16
55;17
55;18
55;19
56;0
56;1
56;2
56;3
56;4
56;5
56;6
56;7
56;8
56;9
56;10
56;11
56;12
56;13
56;14
56;15
56;16
56;17
56;18
56;19
56;20
56;21
57;0
57;1
57;2
57;3
57;4
57;5
57;6
57;7
57;8
57;9
57;10
57;11
57;12
57;13
57;14
57;15
57;16
57;17
57;18
57;19
57;20
57;21
57;22
57;23
58;0
58;1
58;2
58;3
58;4
58;5
58;6
58;7
58;8
58;9
58;10
58;11
58;12
58;13
58;14
58;15
58;16
58;17
58;18
58;19
58;20
58;21
58;22
58;23
59;0
59;1
59;2
59;3
59;4
59;5
59;6
59;7
59;8
59;9
59;10
59;11
59;12
59;13
59;14
59;15
59;16
59;17
59;18
59;19
59;20
59;21
59;22
59;23
59;24
60;0
60;1
60;2
60;3
60;4
60;5
60;6
60;7
60;8
60;9
60;10
60;11
60;12
60;13
60;14
60;15
60;16
60;17
60;18
60;19
60;20
60;21
60;22
60;23
60;24
60;25
61;0
61;1
61;2
61;3
61;4
61;5
61;6
61;7
61;8
61;9
61;10
61;11
61;12
61;13
61;14
61;15
61;16
61;17
61;18
61;19
61;20
61;21
61;22
61;23
61;24
61;25
61;26
62;0
62;1
62;2
62;3
62;4
62;5
62;6
62;7
62;8
62;9
62;10
62;11
62;12
62;13
62;14
62;15
62;16
62;17
62;18
62;19
62;20
62;21
62;22
62;23
62;24
62;25
62;26
63;0
63;1
63;2
63;3
63;4
63;5
63;6
63;7
63;8
63;9
63;10
63;11
63;12
63;13
63;14
63;15
63;16
63;17
63;18
63;19
63;20
63;21
63;22
63;23
63;24
63;25
63;26
63;27
64;0
64;1
64;2
64;3
64;4
64;5
64;6
64;7
64;8
64;9
64;10
64;11
64;12
64;13
64;14
64;15
64;16
64;17
64;18
64;19
64;20
64;21
64;22
64;23
64;24
64;25
64;26
64;27
64;163
64;165
65;0
65;1
65;2
65;3
65;4
65;5
65;6
65;7
65;8
65;9
65;10
65;11
65;12
65;13
65;14
65;15
65;16
65;17
65;18
65;19
65;20
65;21
65;22
65;23
65;24
65;25
65;26
65;27
65;161
65;162
65;163
65;164
65;165
65;166
65;167
66;0
66;1
66;2
66;3
66;4
66;5
66;6
66;7
66;8
66;9
66;10
66;11
66;12
66;13
66;14
66;15
66;16
66;17
66;18
66;19
66;20
66;21
66;22
66;23
66;24
66;25
66;26
66;27
66;28
66;159
66;160
66;161
66;162
66;163
66;164
66;165
66;166
66;167
66;168
66;169
67;0
67;1
67;2
67;3
67;4
67;5
67;6
67;7
67;8
67;9
67;10
67;11
67;12
67;13
67;14
67;15
67;16
67;17
67;18
67;19
67;20
67;21
67;22
67;23
67;24
67;25
67;26
67;27
67;28
67;158
67;159
67;160
67;161
67;162
67;163
67;164
67;165
67;166
67;167
67;168
67;169
67;170
68;0
68;1
68;2
68;3
68;4
68;5
68;6
68;7
68;8
68;9
68;10
68;11
68;12
68;13
68;14
68;15
68;16
68;17
68;18
68;19
68;20
68;21
68;22
68;23
68;24
68;25
68;26
68;27
68;28
68;157
68;158
68;159
68;160
68;161
68;162
68;163
68;164
68;165
68;166
68;167
68;168
68;169
68;170
68;171
69;0
69;1
69;2
69;3
69;4
69;5
69;6
69;7
69;8
69;9
69;10
69;11
69;12
69;13
69;14
69;15
69;16
69;17
69;18
69;19
69;20
69;21
69;22
69;23
69;24
69;25
69;26
69;27
69;28
69;157
69;158
69;159
69;160
69;161
69;162
69;163
69;164
69;165
69;166
69;167
69;168
69;169
69;170
69;171
70;0
70;1
70;2
70;3
70;4
70;5
70;6
70;7
70;8
70;9
70;10
70;11
70;12
70;13
70;14
70;15
70;16
70;17
70;18
70;19
70;20
70;21
70;22
70;23
70;24
70;25
70;26
70;27
70;28
70;157
70;158
70;159
70;160
70;161
70;162
70;163
70;164
70;165
70;166
70;167
70;168
70;169
70;170
70;171
71;0
71;1
71;2
71;3
71;4
71;5
71;6
71;7
71;8
71;9
71;10
71;11
71;12
71;13
71;14
71;15
71;16
71;17
71;18
71;19
71;20
71;21
71;22
71;23
71;24
71;25
71;26
71;27
71;28
71;156
71;157
71;158
71;159
71;160
71;161
71;162
71;163
71;164
71;165
71;166
71;167
71;168
71;169
71;170
71;171
72;0
72;1
72;2
72;3
72;4
72;5
72;6
72;7
72;8
72;9
72;10
72;11
72;12
72;13
72;14
72;15
72;16
72;17
72;18
72;19
72;20
72;21
72;22
72;23
72;24
72;25
72;26
72;27
72;28
72;157
72;158
72;159
72;160
72;161
72;162
72;163
72;164
72;165
72;166
72;167
72;168
72;169
72;170
72;171
73;0
73;1
73;2
73;3
73;4
73;5
73;6
73;7
73;8
73;9
73;10
73;11
73;12
73;13
73;14
73;15
73;16
73;17
73;18
73;19
73;20
73;21
73;22
73;23
73;24
73;25
73;26
73;27
73;157
73;158
73;159
73;160
73;161
73;162
73;163
73;164
73;165
73;166
73;167
73;168
73;169
73;170
73;171
74;0
74;1
74;2
74;3
74;4
74;5
74;6
74;7
74;8
74;9
74;10
74;11
74;12
74;13
74;14
74;15
74;16
74;17
74;18
74;19
74;20
74;21
74;22
74;23
74;24
74;25
74;26
74;27
74;158
74;159
74;160
74;161
74;162
74;163
74;164
74;165
74;166
74;167
74;168
74;169
74;170
75;0
75;1
75;2
75;3
75;4
75;5
75;6
75;7
75;8
75;9
75;10
75;11
75;12
75;13
75;14
75;15
75;16
75;17
75;18
75;19
75;20
75;21
75;22
75;23
75;24
75;25
75;26
75;158
75;159
75;160
75;161
75;162
75;163
75;164
75;165
75;166
75;167
75;168
75;169
75;170
75;181
75;182
75;183
76;0
76;1
76;2
76;3
76;4
76;5
76;6
76;7
76;8
76;9
76;10
76;11
76;12
76;13
76;14
76;15
76;16
76;17
76;18
76;19
76;20
76;21
76;22
76;23
76;24
76;25
76;26
76;160
76;161
76;162
76;163
76;164
76;165
76;166
76;167
76;168
76;181
76;182
76;183
76;184
76;185
77;0
77;1
77;2
77;3
77;4
77;5
77;6
77;7
77;8
77;9
77;10
77;11
77;12
77;13
77;14
77;15
77;16
77;17
77;18
77;19
77;20
77;21
77;22
77;23
77;24
77;25
77;26
77;160
77;162
77;163
77;164
77;165
77;166
77;181
77;182
77;183
77;184
77;185
77;186
77;187
78;0
78;1
78;2
78;3
78;4
78;5
78;6
78;7
78;8
78;9
78;10
78;11
78;12
78;13
78;14
78;15
78;16
78;17
78;18
78;19
78;20
78;21
78;22
78;23
78;24
78;25
78;180
78;181
78;182
78;183
78;184
78;185
78;186
78;187
78;188
78;189
78;190
78;191
79;0
79;1
79;2
79;3
79;4
79;5
79;6
79;7
79;8
79;9
79;10
79;11
79;12
79;13
79;14
79;15
79;16
79;17
79;18
79;19
79;20
79;21
79;22
79;23
79;24
79;179
79;180
79;181
79;182
79;183
79;184
79;185
79;186
79;187
79;188
79;189
79;190
79;191
79;192
79;193
80;0
80;1
80;2
80;3
80;4
80;5
80;6
80;7
80;8
80;9
80;10
80;11
80;12
80;13
80;14
80;15
80;16
80;17
80;18
80;19
80;20
80;21
80;22
80;23
80;179
80;180
80;181
80;182
80;183
80;184
80;185
80;186
80;187
80;188
80;189
80;190
80;191
80;192
80;193
80;194
80;195
81;0
81;1
81;2
81;3
81;4
81;5
81;6
81;7
81;8
81;9
81;10
81;11
81;12
81;13
81;14
81;15
81;16
81;17
81;18
81;19
81;20
81;21
81;22
81;179
81;180
81;181
81;182
81;183
81;184
81;185
81;186
81;187
81;188
81;189
81;190
81;191
81;192
81;193
81;194
81;195
82;0
82;1
82;2
82;3
82;4
82;5
82;6
82;7
82;8
82;9
82;10
82;11
82;12
82;13
82;14
82;15
82;16
82;17
82;18
82;19
82;20
82;178
82;179
82;180
82;181
82;182
82;183
82;184
82;185
82;186
82;187
82;188
82;189
82;190
82;191
82;192
82;193
82;194
83;0
83;1
83;2
83;3
83;4
83;5
83;6
83;7
83;8
83;9
83;10
83;11
83;12
83;13
83;14
83;15
83;16
83;17
83;18
83;177
83;178
83;179
83;180
83;181
83;182
83;183
83;184
83;185
83;186
83;187
83;188
83;189
83;190
83;191
83;192
83;193
83;194
84;2
84;3
84;4
84;5
84;6
84;7
84;8
84;9
84;10
84;11
84;12
84;13
84;14
84;15
84;16
84;177
84;178
84;179
84;180
84;181
84;182
84;183
84;184
84;185
84;186
84;187
84;188
84;189
84;190
84;191
84;192
84;193
85;6
85;7
85;8
85;9
85;10
85;11
85;12
85;14
85;177
85;178
85;179
85;180
85;181
85;182
85;183
85;184
85;185
85;186
85;187
85;188
85;189
85;190
85;191
85;192
85;193
86;176
86;177
86;178
86;179
86;180
86;181
86;182
86;183
86;184
86;185
86;186
86;187
86;188
86;189
86;190
86;191
86;192
87;176
87;177
87;178
87;179
87;180
87;181
87;182
87;183
87;184
87;185
87;186
87;187
87;188
87;189
87;190
87;191
87;192
88;178
88;179
88;180
88;181
88;182
88;183
88;184
88;185
88;186
88;187
88;188
88;189
88;190
88;191
89;180
89;181
89;182
89;183
89;184
89;185
89;186
89;187
89;188
89;189
89;190
89;191
90;184
90;185
90;186
90;187
90;188
90;189
90;190
91;186
91;187
91;188
91;189
91;190
92;188
92;189
122;131
122;133
122;134
122;135
122;136
122;137
122;138
122;139
123;129
123;130
123;131
123;132
123;133
123;134
123;135
123;136
123;137
123;138
123;139
123;140
123;141
124;127
124;128
124;129
124;130
124;131
124;132
124;133
124;134
124;135
124;136
124;137
124;138
124;139
124;140
124;141
124;142
124;143
125;125
125;126
125;127
125;128
125;129
125;130
125;131
125;132
125;133
125;134
125;135
125;136
125;137
125;138
125;139
125;140
125;141
125;142
125;143
125;144
125;145
125;173
125;175
126;125
126;126
126;127
126;128
126;129
126;130
126;131
126;132
126;133
126;134
126;135
126;136
126;137
126;138
126;139
126;140
126;141
126;142
126;143
126;144
126;145
126;146
126;171
126;172
126;173
126;174
126;175
127;124
127;125
127;126
127;127
127;128
127;129
127;130
127;131
127;132
127;133
127;134
127;135
127;136
127;137
127;138
127;139
127;140
127;141
127;142
127;143
127;144
127;145
127;146
127;147
127;167
127;168
127;169
127;170
127;171
127;172
127;173
127;174
127;175
127;176
128;123
128;124
128;125
128;126
128;127
128;128
128;129
128;130
128;131
128;132
128;133
128;134
128;135
128;136
128;137
128;138
128;139
128;140
128;141
128;142
128;143
128;144
128;145
128;146
128;147
128;163
128;164
128;165
128;166
128;167
128;168
128;169
128;170
128;171
128;172
128;173
128;174
128;175
128;176
129;123
129;124
129;125
129;126
129;127
129;128
129;129
129;130
129;131
129;132
129;133
129;134
129;135
129;136
129;137
129;138
129;139
129;140
129;141
129;142
129;143
129;144
129;145
129;146
129;147
129;148
129;159
129;161
129;162
129;163
129;164
129;165
129;166
129;167
129;168
129;169
129;170
129;171
129;172
129;173
129;174
129;175
129;176
129;177
130;122
130;123
130;124
130;125
130;126
130;127
130;128
130;129
130;130
130;131
130;132
130;133
130;134
130;135
130;136
130;137
130;138
130;139
130;140
130;141
130;142
130;143
130;144
130;145
130;146
130;147
130;148
130;149
130;155
130;157
130;158
130;159
130;160
130;161
130;162
130;163
130;164
130;165
130;166
130;167
130;168
130;169
130;170
130;171
130;172
130;173
130;174
130;175
130;176
130;177
131;122
131;123
131;124
131;125
131;126
131;127
131;128
131;129
131;130
131;131
131;132
131;133
131;134
131;135
131;136
131;137
131;138
131;139
131;140
131;141
131;142
131;143
131;144
131;145
131;146
131;147
131;148
131;149
131;153
131;154
131;155
131;156
131;157
131;158
131;159
131;160
131;161
131;162
131;163
131;164
131;165
131;166
131;167
131;168
131;169
131;170
131;171
131;172
131;173
131;174
131;175
131;176
131;177
132;122
132;123
132;124
132;125
132;126
132;127
132;128
132;129
132;130
132;131
132;132
132;133
132;134
132;135
132;136
132;137
132;138
132;139
132;140
132;141
132;142
132;143
132;144
132;145
132;146
132;147
132;148
132;149
132;150
132;151
132;152
132;153
132;154
132;155
132;156
132;157
132;158
132;159
132;160
132;161
132;162
132;163
132;164
132;165
132;166
132;167
132;168
132;169
132;170
132;171
132;172
132;173
132;174
132;175
132;176
132;177
133;121
133;122
133;123
133;124
133;125
133;126
133;127
133;128
133;129
133;130
133;131
133;132
133;133
133;134
133;135
133;136
133;137
133;138
133;139
133;140
133;141
133;142
133;143
133;144
133;145
133;146
133;147
133;148
133;149
133;150
133;151
133;152
133;153
133;154
133;155
133;156
133;157
133;158
133;159
133;160
133;161
133;162
133;163
133;164
133;165
133;166
133;167
133;168
133;169
133;170
133;171
133;172
133;173
133;174
133;175
133;176
133;177
133;178
134;17
134;18
134;19
134;20
134;21
134;121
134;122
134;123
134;124
134;125
134;126
134;127
134;128
134;129
134;130
134;131
134;132
134;133
134;134
134;135
134;136
134;137
134;138
134;139
134;140
134;141
134;142
134;143
134;144
134;145
134;146
134;147
134;148
134;149
134;150
134;151
134;152
134;153
134;154
134;155
134;156
134;157
134;158
134;159
134;160
134;161
134;162
134;163
134;164
134;165
134;166
134;167
134;168
134;169
134;170
134;171
134;172
134;173
134;174
134;175
134;176
134;177
134;178
135;17
135;18
135;19
135;20
135;21
135;22
135;23
135;121
135;122
135;123
135;124
135;125
135;126
135;127
135;128
135;129
135;130
135;131
135;132
135;133
135;134
135;135
135;136
135;137
135;138
135;139
135;140
135;141
135;142
135;143
135;144
135;145
135;146
135;147
135;148
135;149
135;150
135;151
135;152
135;153
135;154
135;155
135;156
135;157
135;158
135;159
135;160
135;161
135;162
135;163
135;164
135;165
135;166
135;167
135;168
135;169
135;170
135;171
135;172
135;173
135;174
135;175
135;176
135;177
135;178
135;179
136;16
136;17
136;18
136;19
136;20
136;21
136;22
136;23
136;24
136;25
136;122
136;123
136;124
136;125
136;126
136;127
136;128
136;129
136;130
136;131
136;132
136;133
136;134
136;135
136;136
136;137
136;138
136;139
136;140
136;141
136;142
136;143
136;144
136;145
136;146
136;147
136;148
136;149
136;150
136;151
136;152
136;153
136;154
136;155
136;156
136;157
136;158
136;159
136;160
136;161
136;162
136;163
136;164
136;165
136;166
136;167
136;168
136;169
136;170
136;171
136;172
136;173
136;174
136;175
136;176
136;177
136;178
136;179
137;15
137;16
137;17
137;18
137;19
137;20
137;21
137;22
137;23
137;24
137;25
137;26
137;27
137;122
137;123
137;124
137;125
137;126
137;127
137;128
137;129
137;130
137;131
137;132
137;133
137;134
137;135
137;136
137;137
137;138
137;139
137;140
137;141
137;142
137;143
137;144
137;145
137;146
137;147
137;148
137;149
137;150
137;151
137;152
137;153
137;154
137;155
137;156
137;157
137;158
137;159
137;160
137;161
137;162
137;163
137;164
137;165
137;166
137;167
137;168
137;169
137;170
137;171
137;172
137;173
137;174
137;175
137;176
137;177
137;178
137;179
138;15
138;16
138;17
138;18
138;19
138;20
138;21
138;22
138;23
138;24
138;25
138;26
138;27
138;28
138;29
138;105
138;107
138;108
138;109
138;111
138;122
138;123
138;124
138;125
138;126
138;127
138;128
138;129
138;130
138;131
138;132
138;133
138;134
138;135
138;136
138;137
138;138
138;139
138;140
138;141
138;142
138;143
138;144
138;145
138;146
138;147
138;148
138;149
138;150
138;151
138;152
138;153
138;154
138;155
138;156
138;157
138;158
138;159
138;160
138;161
138;162
138;163
138;164
138;165
138;166
138;167
138;168
138;169
138;170
138;171
138;172
138;173
138;174
138;175
138;176
138;177
138;178
138;179
138;180
138;181
138;182
138;183
138;185
139;14
139;15
139;16
139;17
139;18
139;19
139;20
139;21
139;22
139;23
139;24
139;25
139;26
139;27
139;28
139;29
139;30
139;31
139;101
139;102
139;103
139;104
139;105
139;106
139;107
139;108
139;109
139;110
139;111
139;112
139;113
139;114
139;115
139;122
139;123
139;124
139;125
139;126
139;127
139;128
139;129
139;130
139;131
139;132
139;133
139;134
139;135
139;136
139;137
139;138
139;139
139;140
139;141
139;142
139;143
139;144
139;145
139;146
139;147
139;148
139;149
139;150
139;151
139;152
139;153
139;154
139;155
139;156
139;157
139;158
139;159
139;160
139;161
139;162
139;163
139;164
139;165
139;166
139;167
139;168
139;169
139;170
139;171
139;172
139;173
139;174
139;175
139;176
139;177
139;178
139;179
139;180
139;181
139;182
139;183
139;184
139;185
139;186
139;187
139;188
139;189
139;191
140;13
140;14
140;15
140;16
140;17
140;18
140;19
140;20
140;21
140;22
140;23
140;24
140;25
140;26
140;27
140;28
140;29
140;30
140;31
140;32
140;33
140;95
140;99
140;100
140;101
140;102
140;103
140;104
140;105
140;106
140;107
140;108
140;109
140;110
140;111
140;112
140;113
140;114
140;115
140;116
140;117
140;123
140;124
140;125
140;126
140;127
140;128
140;129
140;130
140;131
140;132
140;133
140;134
140;135
140;136
140;137
140;138
140;139
140;140
140;141
140;142
140;143
140;144
140;145
140;146
140;147
140;148
140;149
140;150
140;151
140;152
140;153
140;154
140;155
140;156
140;157
140;158
140;159
140;160
140;161
140;162
140;163
140;164
140;165
140;166
140;167
140;168
140;169
140;170
140;171
140;172
140;173
140;174
140;175
140;176
140;177
140;178
140;179
140;180
140;181
140;182
140;183
140;184
140;185
140;186
140;187
140;188
140;189
140;190
140;191
140;192
140;193
140;194
140;195
140;197
140;199
141;13
141;14
141;15
141;16
141;17
141;18
141;19
141;20
141;21
141;22
141;23
141;24
141;25
141;26
141;27
141;28
141;29
141;30
141;31
141;32
141;33
141;34
141;35
141;93
141;94
141;95
141;98
141;99
141;100
141;101
141;102
141;103
141;104
141;105
141;106
141;107
141;108
141;109
141;110
141;111
141;112
141;113
141;114
141;115
141;116
141;117
141;118
141;119
141;124
141;125
141;126
141;127
141;128
141;129
141;130
141;131
141;132
141;133
141;134
141;135
141;136
141;137
141;138
141;139
141;140
141;141
141;142
141;143
141;144
141;145
141;146
141;147
141;148
141;149
141;150
141;151
141;152
141;153
141;154
141;155
141;156
141;157
141;158
141;159
141;160
141;161
141;162
141;163
141;164
141;165
141;166
141;167
141;168
141;169
141;170
141;171
141;172
141;173
141;174
141;175
141;176
141;177
141;178
141;179
141;180
141;181
141;182
141;183
141;184
141;185
141;186
141;187
141;188
141;189
141;190
141;191
141;192
141;193
141;194
141;195
141;196
141;197
141;198
142;12
142;13
142;14
142;15
142;16
142;17
142;18
142;19
142;20
142;21
142;22
142;23
142;24
142;25
142;26
142;27
142;28
142;29
142;30
142;31
142;32
142;33
142;34
142;35
142;36
142;92
142;93
142;94
142;95
142;96
142;97
142;98
142;99
142;100
142;101
142;102
142;103
142;104
142;105
142;106
142;107
142;108
142;109
142;110
142;111
142;112
142;113
142;114
142;115
142;116
142;117
142;118
142;119
142;125
142;126
142;127
142;128
142;129
142;130
142;131
142;132
142;133
142;134
142;135
142;136
142;137
142;138
142;139
142;140
142;141
142;142
142;143
142;144
142;145
142;146
142;147
142;148
142;149
142;150
142;151
142;152
142;153
142;154
142;155
142;156
142;157
142;158
142;159
142;160
142;161
142;162
142;163
142;164
142;165
142;166
142;167
142;168
142;169
142;170
142;171
142;172
142;173
142;174
142;175
142;176
142;177
142;178
142;179
142;180
142;181
142;182
142;183
142;184
142;185
142;186
142;187
142;188
142;189
142;190
142;191
142;192
142;193
142;194
142;195
142;196
142;197
142;198
143;12
143;13
143;14
143;15
143;16
143;17
143;18
143;19
143;20
143;21
143;22
143;23
143;24
143;25
143;26
143;27
143;28
143;29
143;30
143;31
143;32
143;33
143;34
143;35
143;36
143;91
143;92
143;93
143;94
143;95
143;96
143;97
143;98
143;99
143;100
143;101
143;102
143;103
143;104
143;105
143;106
143;107
143;108
143;109
143;110
143;111
143;112
143;113
143;114
143;115
143;116
143;117
143;118
143;119
143;120
143;121
143;126
143;127
143;128
143;129
143;130
143;131
143;132
143;133
143;134
143;135
143;136
143;137
143;138
143;139
143;140
143;141
143;142
143;143
143;144
143;145
143;146
143;147
143;148
143;149
143;150
143;151
143;152
143;153
143;154
143;155
143;156
143;157
143;158
143;159
143;160
143;161
143;162
143;163
143;164
143;165
143;166
143;167
143;168
143;169
143;170
143;171
143;172
143;173
143;174
143;175
143;176
143;177
143;178
143;179
143;180
143;181
143;182
143;183
143;184
143;185
143;186
143;187
143;188
143;189
143;190
143;191
143;192
143;193
143;194
143;195
143;196
144;11
144;12
144;13
144;14
144;15
144;16
144;17
144;18
144;19
144;20
144;21
144;22
144;23
144;24
144;25
144;26
144;27
144;28
144;29
144;30
144;31
144;32
144;33
144;34
144;35
144;89
144;90
144;91
144;92
144;93
144;94
144;95
144;96
144;97
144;98
144;99
144;100
144;101
144;102
144;103
144;104
144;105
144;106
144;107
144;108
144;109
144;110
144;111
144;112
144;113
144;114
144;115
144;116
144;117
144;118
144;119
144;120
144;121
144;128
144;129
144;130
144;131
144;132
144;133
144;134
144;135
144;136
144;137
144;138
144;139
144;140
144;141
144;142
144;143
144;144
144;145
144;146
144;147
144;148
144;149
144;150
144;151
144;152
144;153
144;154
144;155
144;156
144;157
144;158
144;159
144;160
144;161
144;162
144;163
144;164
144;165
144;166
144;167
144;168
144;169
144;170
144;171
144;172
144;173
144;174
144;175
144;176
144;177
144;178
144;179
144;180
144;181
144;182
144;183
144;184
144;185
144;186
144;187
144;188
144;189
144;190
144;191
144;192
144;193
144;194
144;195
144;196
145;11
145;12
145;13
145;14
145;15
145;16
145;17
145;18
145;19
145;20
145;21
145;22
145;23
145;24
145;25
145;26
145;27
145;28
145;29
145;30
145;31
145;32
145;33
145;34
145;87
145;88
145;89
145;90
145;91
145;92
145;93
145;94
145;95
145;96
145;97
145;98
145;99
145;100
145;101
145;102
145;103
145;104
145;105
145;106
145;107
145;108
145;109
145;110
145;111
145;112
145;113
145;114
145;115
145;116
145;117
145;118
145;119
145;120
145;121
145;122
145;130
145;131
145;132
145;133
145;134
145;135
145;136
145;137
145;138
145;139
145;140
145;141
145;142
145;146
145;147
145;148
145;149
145;150
145;151
145;152
145;153
145;154
145;155
145;156
145;157
145;158
145;159
145;160
145;161
145;162
145;163
145;164
145;165
145;166
145;167
145;168
145;169
145;170
145;171
145;172
145;173
145;174
145;175
145;176
145;177
145;178
145;179
145;180
145;181
145;182
145;183
145;184
145;185
145;186
145;187
145;188
145;189
145;190
145;191
145;192
145;193
145;194
146;10
146;11
146;12
146;13
146;14
146;15
146;16
146;17
146;18
146;19
146;20
146;21
146;22
146;23
146;24
146;25
146;26
146;27
146;28
146;29
146;30
146;31
146;32
146;33
146;34
146;85
146;86
146;87
146;88
146;89
146;90
146;91
146;92
146;93
146;94
146;95
146;96
146;97
146;98
146;99
146;100
146;101
146;102
146;103
146;104
146;105
146;106
146;107
146;108
146;109
146;110
146;111
146;112
146;113
146;114
146;115
146;116
146;117
146;118
146;119
146;120
146;121
146;122
146;123
146;132
146;133
146;134
146;135
146;136
146;137
146;138
146;146
146;147
146;148
146;149
146;150
146;151
146;152
146;153
146;154
146;155
146;156
146;157
146;158
146;159
146;160
146;161
146;162
146;163
146;164
146;165
146;166
146;167
146;168
146;169
146;170
146;171
146;172
146;173
146;174
146;175
146;176
146;177
146;178
146;179
146;180
146;181
146;182
146;183
146;184
146;185
146;186
146;187
146;188
146;189
146;190
146;191
146;192
146;193
146;194
147;9
147;10
147;11
147;12
147;13
147;14
147;15
147;16
147;17
147;18
147;19
147;20
147;21
147;22
147;23
147;24
147;25
147;26
147;27
147;28
147;29
147;30
147;31
147;32
147;33
147;84
147;85
147;86
147;87
147;88
147;89
147;90
147;91
147;92
147;93
147;94
147;95
147;96
147;97
147;98
147;99
147;100
147;101
147;102
147;103
147;104
147;105
147;106
147;107
147;108
147;109
147;110
147;111
147;112
147;113
147;114
147;115
147;116
147;117
147;118
147;119
147;120
147;121
147;122
147;123
147;146
147;147
147;148
147;149
147;150
147;151
147;152
147;153
147;154
147;155
147;156
147;157
147;158
147;159
147;160
147;161
147;162
147;163
147;164
147;165
147;166
147;167
147;168
147;169
147;170
147;171
147;172
147;173
147;174
147;175
147;176
147;177
147;178
147;179
147;180
147;181
147;182
147;183
147;184
147;185
147;186
147;187
147;188
147;189
147;190
147;191
147;192
148;9
148;10
148;11
148;12
148;13
148;14
148;15
148;16
148;17
148;18
148;19
148;20
148;21
148;22
148;23
148;24
148;25
148;26
148;27
148;28
148;29
148;30
148;31
148;32
148;83
148;84
148;85
148;86
148;87
148;88
148;89
148;90
148;91
148;92
148;93
148;94
148;95
148;96
148;97
148;98
148;99
148;100
148;101
148;102
148;103
148;104
148;105
148;106
148;107
148;108
148;109
148;110
148;111
148;112
148;113
148;114
148;115
148;116
148;117
148;118
148;119
148;120
148;121
148;122
148;123
148;124
148;147
148;148
148;149
148;150
148;151
148;152
148;153
148;154
148;155
148;156
148;157
148;158
148;159
148;160
148;161
148;162
148;163
148;164
148;165
148;166
148;167
148;168
148;169
148;170
148;171
148;172
148;173
148;174
148;175
148;176
148;177
148;178
148;179
148;180
148;181
148;182
148;183
148;184
148;185
148;186
148;187
148;188
148;189
148;190
148;191
148;192
149;8
149;9
149;10
149;11
149;12
149;13
149;14
149;15
149;16
149;17
149;18
149;19
149;20
149;21
149;22
149;23
149;24
149;25
149;26
149;27
149;28
149;29
149;30
149;31
149;32
149;81
149;82
149;83
149;84
149;85
149;86
149;87
149;88
149;89
149;90
149;91
149;92
149;93
149;94
149;95
149;96
149;97
149;98
149;99
149;100
149;101
149;102
149;103
149;104
149;105
149;106
149;107
149;108
149;109
149;110
149;111
149;112
149;113
149;114
149;115
149;116
149;117
149;118
149;119
149;120
149;121
149;122
149;123
149;124
149;147
149;148
149;149
149;150
149;151
149;152
149;153
149;154
149;155
149;156
149;157
149;158
149;159
149;160
149;161
149;162
149;163
149;164
149;165
149;166
149;167
149;168
149;169
149;170
149;171
149;172
149;173
149;174
149;175
149;176
149;177
149;178
149;179
149;180
149;181
149;182
149;183
149;184
149;185
149;186
149;187
149;188
149;189
149;190
150;8
150;10
150;11
150;12
150;13
150;14
150;15
150;16
150;17
150;18
150;19
150;20
150;21
150;22
150;23
150;24
150;25
150;26
150;27
150;28
150;29
150;30
150;31
150;79
150;80
150;81
150;82
150;83
150;84
150;85
150;86
150;87
150;88
150;89
150;90
150;91
150;92
150;93
150;94
150;95
150;96
150;97
150;98
150;99
150;100
150;101
150;102
150;103
150;104
150;105
150;106
150;107
150;108
150;109
150;110
150;111
150;112
150;113
150;114
150;115
150;116
150;117
150;118
150;119
150;120
150;121
150;122
150;123
150;124
150;148
150;149
150;150
150;151
150;152
150;153
150;154
150;155
150;156
150;157
150;158
150;159
150;160
150;161
150;162
150;163
150;164
150;165
150;166
150;167
150;168
150;169
150;170
150;171
150;172
150;173
150;174
150;175
150;176
150;177
150;178
150;179
150;180
150;181
150;182
150;183
150;184
150;185
150;186
150;187
150;188
150;189
150;190
151;12
151;13
151;14
151;15
151;16
151;17
151;18
151;19
151;20
151;21
151;22
151;23
151;24
151;25
151;26
151;27
151;28
151;29
151;30
151;31
151;77
151;78
151;79
151;80
151;81
151;82
151;83
151;84
151;85
151;86
151;87
151;88
151;89
151;90
151;91
151;92
151;93
151;94
151;95
151;96
151;97
151;98
151;99
151;100
151;101
151;102
151;103
151;104
151;105
151;106
151;107
151;108
151;109
151;110
151;111
151;112
151;113
151;114
151;115
151;116
151;117
151;118
151;119
151;120
151;121
151;122
151;123
151;124
151;148
151;149
151;150
151;151
151;152
151;153
151;154
151;155
151;156
151;157
151;158
151;159
151;160
151;161
151;162
151;163
151;164
151;165
151;166
151;167
151;168
151;169
151;170
151;171
151;172
151;173
151;174
151;175
151;176
151;177
151;178
151;179
151;180
151;181
151;182
151;183
151;184
151;185
151;186
151;187
151;188
151;189
152;14
152;15
152;16
152;17
152;18
152;19
152;20
152;21
152;22
152;23
152;24
152;25
152;26
152;27
152;28
152;29
152;30
152;75
152;76
152;77
152;78
152;79
152;80
152;81
152;82
152;83
152;84
152;85
152;86
152;87
152;88
152;89
152;90
152;91
152;92
152;93
152;94
152;95
152;96
152;97
152;98
152;99
152;100
152;101
152;102
152;103
152;104
152;105
152;106
152;107
152;108
152;109
152;110
152;111
152;112
152;113
152;114
152;115
152;116
152;117
152;118
152;119
152;120
152;121
152;122
152;123
152;124
152;148
152;149
152;150
152;151
152;152
152;153
152;154
152;155
152;156
152;157
152;158
152;159
152;160
152;161
152;162
152;163
152;164
152;165
152;166
152;167
152;168
152;169
152;170
152;171
152;172
152;173
152;174
152;175
152;176
152;177
152;178
152;179
152;180
152;181
152;182
152;183
152;184
152;185
152;186
152;187
152;188
153;16
153;17
153;18
153;19
153;20
153;21
153;22
153;23
153;24
153;25
153;26
153;27
153;28
153;29
153;30
153;75
153;76
153;77
153;78
153;79
153;80
153;81
153;82
153;83
153;84
153;85
153;86
153;87
153;88
153;89
153;90
153;91
153;92
153;93
153;94
153;95
153;96
153;97
153;98
153;99
153;100
153;101
153;102
153;103
153;104
153;105
153;106
153;107
153;108
153;109
153;110
153;111
153;112
153;113
153;114
153;115
153;116
153;117
153;118
153;119
153;120
153;121
153;122
153;123
153;124
153;149
153;150
153;151
153;152
153;153
153;154
153;155
153;156
153;157
153;158
153;159
153;160
153;161
153;162
153;163
153;164
153;165
153;166
153;167
153;168
153;169
153;170
153;171
153;172
153;173
153;174
153;175
153;176
153;177
153;178
153;179
153;180
153;181
153;182
153;183
153;184
153;185
153;186
153;187
154;18
154;19
154;20
154;21
154;22
154;23
154;24
154;25
154;26
154;27
154;28
154;29
154;76
154;77
154;78
154;79
154;80
154;81
154;82
154;83
154;84
154;85
154;86
154;87
154;88
154;89
154;90
154;91
154;92
154;93
154;94
154;95
154;96
154;97
154;98
154;99
154;100
154;101
154;102
154;103
154;104
154;105
154;106
154;107
154;108
154;109
154;110
154;111
154;112
154;113
154;114
154;115
154;116
154;117
154;118
154;119
154;120
154;121
154;122
154;123
154;124
154;149
154;150
154;151
154;152
154;153
154;154
154;155
154;156
154;157
154;158
154;159
154;160
154;161
154;162
154;163
154;164
154;165
154;166
154;167
154;168
154;169
154;170
154;171
154;172
154;173
154;174
154;175
154;176
154;177
154;178
154;179
154;180
154;181
154;182
154;183
154;184
154;185
154;186
155;20
155;21
155;22
155;23
155;24
155;25
155;26
155;27
155;28
155;76
155;77
155;78
155;79
155;80
155;81
155;82
155;83
155;84
155;85
155;86
155;87
155;88
155;89
155;90
155;91
155;92
155;93
155;94
155;95
155;96
155;97
155;98
155;99
155;100
155;101
155;102
155;103
155;104
155;105
155;106
155;107
155;108
155;109
155;110
155;111
155;112
155;113
155;114
155;115
155;116
155;117
155;118
155;119
155;120
155;121
155;122
155;123
155;124
155;150
155;151
155;152
155;153
155;154
155;155
155;156
155;157
155;158
155;159
155;160
155;161
155;162
155;163
155;164
155;165
155;166
155;167
155;168
155;169
155;170
155;171
155;172
155;173
155;174
155;175
155;176
155;177
155;178
155;179
155;180
155;181
155;182
155;183
155;184
155;185
156;22
156;23
156;24
156;25
156;26
156;27
156;28
156;77
156;78
156;79
156;80
156;81
156;82
156;83
156;84
156;85
156;86
156;87
156;88
156;89
156;90
156;91
156;92
156;93
156;94
156;95
156;96
156;97
156;98
156;99
156;100
156;101
156;102
156;103
156;104
156;105
156;106
156;107
156;108
156;109
156;110
156;111
156;112
156;113
156;114
156;115
156;116
156;117
156;118
156;119
156;120
156;121
156;122
156;123
156;124
156;150
156;151
156;152
156;153
156;154
156;155
156;156
156;157
156;158
156;159
156;160
156;161
156;162
156;163
156;164
156;165
156;166
156;167
156;168
156;169
156;170
156;171
156;172
156;173
156;174
156;175
156;176
156;177
156;178
156;179
156;180
156;181
156;182
156;183
156;184
157;24
157;25
157;26
157;27
157;78
157;79
157;80
157;81
157;82
157;83
157;84
157;85
157;86
157;87
157;88
157;89
157;90
157;91
157;92
157;93
157;94
157;95
157;96
157;97
157;98
157;99
157;100
157;101
157;102
157;103
157;104
157;105
157;106
157;107
157;108
157;109
157;110
157;111
157;112
157;113
157;114
157;115
157;116
157;117
157;118
157;119
157;120
157;121
157;122
157;123
157;124
157;150
157;151
157;152
157;153
157;154
157;155
157;156
157;157
157;158
157;159
157;160
157;161
157;162
157;163
157;164
157;165
157;166
157;167
157;168
157;169
157;170
157;171
157;172
157;173
157;174
157;175
157;176
157;177
157;178
157;179
157;180
157;181
157;182
157;183
158;26
158;79
158;80
158;81
158;82
158;83
158;84
158;85
158;86
158;87
158;88
158;89
158;90
158;91
158;92
158;93
158;94
158;95
158;96
158;97
158;98
158;99
158;100
158;101
158;102
158;103
158;104
158;105
158;106
158;107
158;108
158;109
158;110
158;111
158;112
158;113
158;114
158;115
158;116
158;117
158;118
158;119
158;120
158;121
158;122
158;123
158;151
158;152
158;153
158;154
158;155
158;156
158;157
158;158
158;159
158;160
158;161
158;162
158;163
158;164
158;165
158;166
158;167
158;168
158;169
158;170
158;171
158;172
158;173
158;174
158;175
158;176
158;177
158;178
158;179
158;180
158;181
158;182
159;80
159;81
159;82
159;83
159;84
159;85
159;86
159;87
159;88
159;89
159;90
159;91
159;92
159;93
159;94
159;95
159;96
159;97
159;98
159;99
159;100
159;101
159;102
159;103
159;104
159;105
159;106
159;107
159;108
159;109
159;110
159;111
159;112
159;113
159;114
159;115
159;116
159;117
159;118
159;119
159;120
159;121
159;122
159;151
159;152
159;153
159;154
159;155
159;156
159;157
159;158
159;159
159;160
159;161
159;162
159;163
159;164
159;165
159;166
159;167
159;168
159;169
159;170
159;171
159;172
159;173
159;174
159;175
159;176
159;177
159;178
159;179
159;180
159;181
160;80
160;81
160;82
160;83
160;84
160;85
160;86
160;87
160;88
160;89
160;90
160;91
160;92
160;93
160;94
160;95
160;96
160;97
160;98
160;99
160;100
160;101
160;102
160;103
160;104
160;105
160;106
160;107
160;108
160;109
160;110
160;111
160;112
160;113
160;114
160;115
160;116
160;117
160;118
160;119
160;120
160;121
160;122
160;152
160;153
160;154
160;155
160;156
160;157
160;158
160;159
160;160
160;161
160;162
160;163
160;164
160;165
160;166
160;167
160;168
160;169
160;170
160;171
160;172
160;173
160;174
160;175
160;176
160;177
160;178
160;179
160;180
161;82
161;83
161;84
161;85
161;86
161;87
161;88
161;89
161;90
161;91
161;92
161;93
161;94
161;95
161;96
161;97
161;98
161;99
161;100
161;101
161;102
161;103
161;104
161;105
161;106
161;107
161;108
161;109
161;110
161;111
161;112
161;113
161;114
161;115
161;116
161;117
161;118
161;119
161;120
161;121
161;152
161;153
161;154
161;155
161;156
161;157
161;158
161;159
161;160
161;161
161;162
161;163
161;164
161;165
161;166
161;167
161;168
161;169
161;170
161;171
161;172
161;173
161;174
161;175
161;176
161;177
161;178
161;179
162;82
162;83
162;84
162;85
162;86
162;87
162;88
162;89
162;90
162;91
162;92
162;93
162;94
162;95
162;96
162;97
162;98
162;99
162;100
162;101
162;102
162;103
162;104
162;105
162;106
162;107
162;108
162;109
162;110
162;111
162;112
162;113
162;114
162;115
162;116
162;117
162;118
162;119
162;120
162;152
162;153
162;154
162;155
162;156
162;157
162;158
162;161
162;162
162;163
162;164
162;165
162;166
162;167
162;168
162;169
162;170
162;171
162;172
162;173
162;174
162;175
162;176
162;177
162;178
163;83
163;84
163;85
163;86
163;87
163;88
163;89
163;90
163;91
163;92
163;93
163;94
163;95
163;96
163;97
163;98
163;99
163;100
163;101
163;102
163;103
163;104
163;105
163;106
163;107
163;108
163;109
163;110
163;111
163;112
163;113
163;114
163;115
163;116
163;117
163;118
163;119
163;153
163;154
163;162
163;163
163;164
163;165
163;166
163;167
163;168
163;169
163;170
163;171
163;172
163;173
163;174
163;175
163;176
163;177
163;178
164;84
164;85
164;86
164;87
164;88
164;89
164;90
164;91
164;92
164;93
164;94
164;95
164;96
164;97
164;98
164;99
164;100
164;101
164;102
164;103
164;104
164;105
164;106
164;107
164;108
164;109
164;110
164;111
164;112
164;113
164;114
164;115
164;116
164;117
164;118
164;162
164;163
164;164
164;165
164;166
164;167
164;168
164;169
164;170
164;171
164;172
164;173
164;174
164;175
164;176
165;31
165;33
165;85
165;86
165;87
165;88
165;89
165;90
165;91
165;92
165;93
165;94
165;95
165;96
165;97
165;98
165;100
165;101
165;102
165;103
165;104
165;105
165;106
165;107
165;108
165;109
165;110
165;111
165;112
165;113
165;114
165;115
165;116
165;162
165;163
165;164
165;165
165;166
165;167
165;168
165;169
165;170
165;171
165;172
165;173
165;174
165;175
165;176
166;29
166;30
166;31
166;32
166;33
166;34
166;35
166;36
166;37
166;86
166;87
166;88
166;89
166;90
166;91
166;92
166;93
166;94
166;95
166;96
166;102
166;104
166;105
166;106
166;107
166;108
166;109
166;110
166;111
166;112
166;113
166;114
166;163
166;164
166;165
166;166
166;167
166;168
166;169
166;170
166;171
166;172
166;173
166;174
167;27
167;28
167;29
167;30
167;31
167;32
167;33
167;34
167;35
167;36
167;37
167;38
167;39
167;86
167;87
167;88
167;89
167;90
167;91
167;92
167;93
167;94
167;106
167;108
167;110
167;164
167;165
167;166
167;167
167;168
167;169
167;170
167;171
167;172
167;173
167;174
168;26
168;27
168;28
168;29
168;30
168;31
168;32
168;33
168;34
168;35
168;36
168;37
168;38
168;39
168;87
168;88
168;89
168;90
168;91
168;92
168;93
168;164
168;165
168;166
168;167
168;168
168;169
168;170
168;171
168;172
169;25
169;26
169;27
169;28
169;29
169;30
169;31
169;32
169;33
169;34
169;35
169;36
169;37
169;38
169;39
169;40
169;88
169;89
169;90
169;91
169;92
169;95
169;96
169;97
169;98
169;99
169;100
169;101
169;164
169;165
169;166
169;167
169;168
169;169
169;170
169;171
169;172
170;25
170;26
170;27
170;28
170;29
170;30
170;31
170;32
170;33
170;34
170;35
170;36
170;37
170;38
170;39
170;40
170;41
170;89
170;90
170;93
170;94
170;95
170;96
170;97
170;98
170;99
170;100
170;101
170;102
170;103
170;165
170;166
170;167
170;168
170;169
170;170
171;24
171;25
171;26
171;27
171;28
171;29
171;30
171;31
171;32
171;33
171;34
171;35
171;36
171;37
171;38
171;39
171;40
171;41
171;91
171;92
171;93
171;94
171;95
171;96
171;97
171;98
171;99
171;100
171;101
171;102
171;103
171;104
171;105
171;165
171;166
171;167
171;168
171;169
171;170
172;24
172;25
172;26
172;27
172;28
172;29
172;30
172;31
172;32
172;33
172;34
172;35
172;36
172;37
172;38
172;39
172;40
172;41
172;90
172;91
172;92
172;93
172;94
172;95
172;96
172;97
172;98
172;99
172;100
172;101
172;102
172;103
172;104
172;105
172;106
172;166
172;167
172;168
173;24
173;25
173;26
173;27
173;28
173;29
173;30
173;31
173;32
173;33
173;34
173;35
173;36
173;37
173;38
173;39
173;40
173;41
173;89
173;90
173;91
173;92
173;93
173;94
173;95
173;96
173;97
173;98
173;99
173;100
173;101
173;102
173;103
173;104
173;105
173;106
173;107
173;166
173;167
173;168
174;24
174;25
174;26
174;27
174;28
174;29
174;30
174;31
174;32
174;33
174;34
174;35
174;36
174;37
174;38
174;39
174;40
174;41
174;89
174;90
174;91
174;92
174;93
174;94
174;95
174;96
174;97
174;98
174;99
174;100
174;101
174;102
174;103
174;104
174;105
174;106
174;107
174;166
174;167
175;24
175;25
175;26
175;27
175;28
175;29
175;30
175;31
175;32
175;33
175;34
175;35
175;36
175;37
175;38
175;39
175;40
175;41
175;88
175;89
175;90
175;91
175;92
175;93
175;94
175;95
175;96
175;97
175;98
175;99
175;100
175;101
175;102
175;103
175;104
175;105
175;106
175;107
175;108
176;24
176;25
176;26
176;27
176;28
176;29
176;30
176;31
176;32
176;33
176;34
176;35
176;36
176;37
176;38
176;39
176;40
176;41
176;88
176;89
176;90
176;91
176;92
176;93
176;94
176;95
176;96
176;97
176;98
176;99
176;100
176;101
176;102
176;103
176;104
176;105
176;106
176;107
176;108
177;25
177;26
177;27
177;28
177;29
177;30
177;31
177;32
177;33
177;34
177;35
177;36
177;37
177;38
177;39
177;40
177;88
177;89
177;90
177;91
177;92
177;93
177;94
177;95
177;96
177;97
177;98
177;99
177;100
177;101
177;102
177;103
177;104
177;105
177;106
177;107
177;108
178;26
178;27
178;28
178;29
178;30
178;31
178;32
178;33
178;34
178;35
178;36
178;37
178;38
178;39
178;40
178;88
178;89
178;90
178;91
178;92
178;93
178;94
178;95
178;96
178;97
178;98
178;99
178;100
178;101
178;102
178;103
178;104
178;105
178;106
178;107
178;108
179;27
179;28
179;29
179;30
179;31
179;32
179;33
179;34
179;35
179;36
179;37
179;38
179;88
179;89
179;90
179;91
179;92
179;93
179;94
179;95
179;96
179;97
179;98
179;99
179;100
179;101
179;102
179;103
179;104
179;105
179;106
179;107
179;108
180;28
180;29
180;30
180;31
180;32
180;33
180;34
180;35
180;36
180;88
180;89
180;90
180;91
180;92
180;93
180;94
180;95
180;96
180;97
180;98
180;99
180;100
180;101
180;102
180;103
180;104
180;105
180;106
180;107
180;108
181;32
181;34
181;89
181;90
181;91
181;92
181;93
181;94
181;95
181;96
181;97
181;98
181;99
181;100
181;101
181;102
181;103
181;104
181;105
181;106
181;107
182;90
182;91
182;92
182;93
182;94
182;95
182;96
182;97
182;98
182;99
182;100
182;101
182;102
182;103
182;104
182;105
182;106
183;90
183;91
183;92
183;93
183;94
183;95
183;96
183;97
183;98
183;99
183;100
183;101
183;102
183;103
183;104
183;105
183;106
184;92
184;93
184;94
184;95
184;96
184;97
184;98
184;99
184;100
184;101
184;102
184;103
184;104
185;92
185;93
185;94
185;95
185;96
185;97
185;98
185;99
185;100
185;101
185;102
185;103
185;104
